,alternate_name,caption,commentCount,likes,uploadDate,views,duration,title,post_url
0,@fallontonight,,1010,87.8k,2019-08-09T05:36:08,731106,6:21,Ron Burgundy (Will Ferrell) has beef with Shawn Mendes,https://www.instagram.com/tv/B07h0uZAeDv/
1,@fallontonight,"Jimmy takes @queereye’s Fab Five on The BEAST, a jet-powered speed boat ride that’s like a rollercoaster on the Hudson River",1632,79.8k,2019-08-08T15:12:06,722975,2:42,Jimmy and @queereye’s Fab Five ride The BEAST,https://www.instagram.com/tv/B06EsQWANWw/
2,@fallontonight,,2345,171.3k,2019-08-07T03:33:27,1420625,1:52,Jimmy & @postmalone go head-to-head in Beer Pong,https://www.instagram.com/tv/B02Pb8-gNXY/
3,@fallontonight,Jimmy and @juliannemoore revisit an improv-style commercial they starred in back in the &#x27;90s during their little-known law careers.,638,55k,2019-08-06T04:06:24,536549,2:49,Cue Card Cold Read w/ @juliannemoore,https://www.instagram.com/tv/B0zn7TMAxpn/
4,@fallontonight,,2745,161k,2019-08-05T21:55:47,1061845,1:06,Jimmy addresses the El Paso and Dayton tragedies,https://www.instagram.com/tv/B0zEwGqActm/
5,@fallontonight,"@QueerEye’s Fab Five reveal how they know when @jvn is cranky, the dumbest thing @tanfrance has done and the hardest @antoni has laughed",1713,96.8k,2019-07-31T15:23:24,1570179,7:03,We Test How Well @QueerEye’s Fab Five Know Each Other,https://www.instagram.com/tv/B0lc_DhA8Mj/
6,@fallontonight,#Summertime #TB to @camila_cabello and @theroots helping Jimmy sing his favorite #SummerSongs tweets,1122,154.6k,2019-07-28T19:45:13,1848776,6:00,#SummerSongs with @camila_cabello,https://www.instagram.com/tv/B0eOQACgKC5/
7,@fallontonight,Kevin Delaney shows Jimmy how to roast a marshmallow with a firework &amp; more!,238,57.2k,2019-07-26T15:57:39,884099,6:17,Summer Science with Resident Science Expert Kevin Delaney,https://www.instagram.com/tv/B0Yl2juAup0/
8,@fallontonight,Jimmy challenges @davidspade to give opinions on the spot about randomly generated topics,791,97.4k,2019-07-23T04:12:21,1130767,2:59,Wheel of Opinions with @davidspade,https://www.instagram.com/tv/B0Pr-kcgNd8/
9,@fallontonight,"Jimmy, @kenanthompson and @joemanganiello perform a sportscasting scene they wrote together using Mad Lib words",316,45.9k,2019-07-19T15:03:52,507075,2:43,Mad Lib Theater With @Kenanthompson And @Joemanganiello,https://www.instagram.com/tv/B0GkOfBAc_U/
10,@fallontonight,Jimmy and @stephenathome recreate the @strangerthingstv “NeverEnding Story” duet,1894,107.8k,2019-07-16T17:25:49,895859,1:30,Jimmy and @stephenathome Perform the “NeverEnding Story” Duet,https://www.instagram.com/tv/Bz_FmumAAl8/
11,@fallontonight,Jack Black performs the legendary Sax-A-Boom toy instrument that he made famous by playing at the Tenacious D shows.,4809,330.8k,2019-07-14T19:07:40,2278025,1:01,@jackblack gives us a taste of the Sax-A-Boom,https://www.instagram.com/tv/Bz6IP48gE26/
12,@fallontonight,Jimmy and @maroon5 put on disguises and give a surprise performance of &quot;Crazy Little Thing Called Love&quot; and &quot;Sugar&quot; in a New York City subway station.,2452,134.9k,2019-07-07T22:08:10,1084986,3:28,@maroon5 Performs in an NYC Subway in Disguise,https://www.instagram.com/tv/BzoVW0DAfBt/
13,@fallontonight,"Jimmy had never tried Olive Garden before, so @postmalone took him to experience his favorite restaurant the right way. #tb",2460,143.1k,2019-07-03T23:01:35,1674475,6:51,@postmalone took Jimmy to Olive Garden,https://www.instagram.com/tv/BzeH_Zmg8_i/
14,@fallontonight,"Jimmy and @blackthought strap on GoPro cameras and take on El Monstruo, the world&#x27;s second-longest zip line in Puerto Rico.",1593,81k,2019-06-23T19:26:10,1008925,3:06,"Jimmy Freaks Out Riding Puerto Rico's ""Monster"" Zip Line",https://www.instagram.com/tv/BzEDQISA4u6/
15,@fallontonight,"Adam Devine is torn that Jimmy hasn’t watched his Netflix special &quot;Best Time of Our Lives&quot; yet, but Jimmy is torn that Adam hasn&#x27;t seen “Fever Pitch”",816,98.9k,2019-06-19T04:29:10,1338590,2:16,@andybovine and Jimmy Are “Torn” About Each Other,https://www.instagram.com/tv/By4E3cxgR2z/
16,@fallontonight,"Jimmy, @chrishemsworth and @kumailn interrogate each other in True Confessions.",1079,128.5k,2019-06-14T16:19:10,1609646,6:40,True Confessions with @chrishemsworth and @kumailn.,https://www.instagram.com/tv/ByslBPwASRy/
17,@fallontonight,@jonasbrothers reveal they had a few run-ins with the police at @joejonas’ bachelor party in Know Your Bro.,928,152.1k,2019-06-13T17:12:55,1984757,5:33,Know Your Bro with @jonasbrothers!,https://www.instagram.com/tv/ByqGnAiAqkb/
18,@fallontonight,@robertirwinphotography brings some animals to show Jimmy including a miniature horse and a mandrill monkey.,1963,134.9k,2019-06-04T15:29:48,1252451,4:12,Robert Irwin and Jimmy Bottle Feed a Baby Miniature Horse,https://www.instagram.com/tv/ByStMsxgiUH/
19,@fallontonight,Millie Bobby Brown talks visiting Robert Irwin in Australia and the millipede named after her.,562,112.8k,2019-05-23T15:46:19,1563219,2:10,@robertirwinphotography’s millipede is named after @milliebobbybrown.,https://www.instagram.com/tv/Bxz39Fug4v2/
20,@fallontonight,Kevin Hart explains why his shoes were to blame for a hilarious fall he took at a friend&#x27;s wedding!,1974,144.7k,2019-05-22T04:52:57,1234803,2:45,@KevinHart4Real’s Dance Floor Fail,https://www.instagram.com/tv/BxwH7TOABBP/
21,@fallontonight,J Balvin on how he ended up on stage with Beyoncé at Coachella and why he&#x27;ll only sing in Spanish on his Arcoiris tour,927,89.7k,2019-05-21T04:18:14,1310138,3:02,@JBalvin On How He Ended Up On-Stage With Beyoncé,https://www.instagram.com/tv/BxtWJ8Vg_gC/
22,@fallontonight,Maluma explains how he incorporated his family into his stage name and reveals what it was like to spend a night with Katy Perry at the Met Gala.,2996,166.9k,2019-05-15T04:29:50,2642738,3:38,Maluma Explains the Origin of His Name and Relives The Met Gala,https://www.instagram.com/tv/BxeEQQKg4ao/
23,@fallontonight,Flour Shop owner Amirah Kassem shows Jimmy and Questlove how to make the signature rainbow explosion cakes.,1309,121.8k,2019-05-11T04:38:37,2336095,2:41,Amirah Kassem Shows Jimmy How to Make a Sprinkle-Filled Explosion Cake,https://www.instagram.com/tv/BxTk-R7HbCM/
24,@fallontonight,The Roots’ Tarik Trotter lists every Pokémon he’s caught,1716,81k,2019-05-10T04:06:51,869132,2:28,Compare Pokémon with The Roots’ Tarik Trotter,https://www.instagram.com/tv/BxRIzNVnplH/
25,@fallontonight,Rita Ora talks about her experience at the Met Gala with Lizzo as her date.,265,70k,2019-05-09T04:33:42,1061748,2:35,Rita Ora and Lizzo Spent the Met Gala Flirting with Waiters & Singing Cher,https://www.instagram.com/tv/BxOnzLBnctq/
26,@fallontonight,"Sting and Jimmy are “Two Stings on the Moon” in a parody of the classic, “Walking on the Moon” by The Police.",1281,104k,2019-04-27T04:00:04,913162,3:00,“Two Stings on the Moon”,https://www.instagram.com/tv/BwvqWijHDPf/
27,@fallontonight,"Brie Larson and Jimmy play Beat Saber, a virtual reality game where players slash targets to the beat of the music!",1707,134.9k,2019-04-25T04:34:31,1688788,3:59,Beat Saber with Brie Larson,https://www.instagram.com/tv/BwqkXKSnMAB/
28,@fallontonight,Jimmy brings Alex Rodriguez to a dance studio in NYC where they crash a hip-hop class and learn a routine!,1820,96.7k,2019-04-24T04:17:13,949855,3:36,Alex Rodriguez and Jimmy Crash a Hip-Hop Dance Class,https://www.instagram.com/tv/Bwn8ehtniTf/
29,@fallontonight,It’s an Avengers mash-up of the past decade!,6595,226k,2019-04-23T04:40:54,1535324,1:56,Avengers: Endgame Cast Sings “We Didn’t Start the Fire”,https://www.instagram.com/tv/Bwlb-O9neWF/
30,@fallontonight,,13,507,2019-04-20T05:12:40,38594,2:40,Pete Buttigieg is the Avocado Toast of Democrats,https://www.instagram.com/tv/BwduQiSHdgj/
31,@fallontonight,"The Chainsmokers, 5 Seconds of Summer, and Jimmy face off in a game of Musical Beers!",469,62.4k,2019-03-31T18:34:34,968214,4:15,Musical Beers with The Chainsmokers and 5 Seconds of Summer,https://www.instagram.com/tv/Bvrq3aeAYBX/
32,@fallontonight,@MarkRuffalo must answer questions about @Avengers: Endgame while hooked up to a lie detector #FallonTonight,1320,122k,2019-03-27T22:15:06,2000085,3:06,Mark Ruffalo Gets Hooked Up to a Lie Detector,https://www.instagram.com/tv/BvhzEg1HM_z/
33,@fallontonight,&quot;Shaq&quot; creates a very special bracket for March Madness.,380,30.3k,2019-03-22T02:48:49,548256,1:21,Shaq Bracket: March Madness 2019,https://www.instagram.com/tv/BvS1FtxHI1x/
34,@fallontonight,Jimmy and Aidy Bryant shout their deepest confessions and insecurities to the whole world!,271,58.1k,2019-03-20T16:57:11,944054,2:01,Hey World! with Aidy Bryant,https://www.instagram.com/tv/BvPMEEfgHiv/
35,@fallontonight,"Tina Fey is appearing on “The Tonight Show” to promote her new comedy “Wine Country,” and for some reason she is upset with Jimmy. Jimmy, on the other hand, has no idea what she’s upset about. #NoFlipping",44,1947,2019-02-22T02:24:57,173833,0:53,"Sneak Peek: Behind-The-Scenes of #FallonTonight on Monday, 2/25",https://www.instagram.com/tv/BuKrRpRANRA/
36,@fallontonight,Bernie Sanders announces that he is running for president again in 2020 with a special message.,1540,71.6k,2019-02-20T05:28:37,846901,2:30,Bernie Sanders Announces His 2020 Presidential Run,https://www.instagram.com/tv/BuF35i7AA7S/
37,@fallontonight,"Adam Sandler sings &quot;My Jimmy Fallontine,&quot; a parody of &quot;My Funny Valentine&quot; he wrote in honor of The Tonight Show&#x27;s fifth anniversary.",212,8320,2019-02-12T06:38:42,350677,1:57,Adam Sandler Serenades Jimmy for The Tonight Show's Fifth Anniversary,https://www.instagram.com/tv/BtxZc0sHsfR/
38,@fallontonight,Peter (Jimmy) tries to sing &quot;Escape (The Piña Colada Song)&quot; but keeps getting interrupted by a heckler (Andy Samberg).,373,9529,2019-01-09T06:07:37,378603,4:12,"Peter and His Heckler - ""Escape (The Piña Colada Song)"" with Andy Samberg",https://www.instagram.com/tv/BsZy5qshBRr/
39,@fallontonight,Benedict Cumberbatch and Jimmy go head-to-head taking turns watching funny Internet videos and trying not to laugh.,931,37k,2018-11-04T01:48:02,1086946,3:50,Try Not to Laugh Challenge with Benedict Cumberbatch,https://www.instagram.com/tv/BpvYyNnHZoW/
40,@fallontonight,Jimmy challenges Saturday Night Live&#x27;s Melissa Villaseñor to a game of random musical impressions like Gwen Stefani singing &quot;Three Blind Mice&quot; and Post Malone singing &quot;Itsy Bitsy Spider.&quot;,228,13k,2018-10-23T17:33:14,438737,5:48,Wheel of Musical Impressions with Melissa Villaseñor,https://www.instagram.com/tv/BpSLCYBHSiV/
41,@fallontonight,Shawn Mendes joins Jimmy and The Roots to perform his hit &quot;Treat You Better&quot; with classroom instruments.,357,9990,2018-10-09T04:49:46,248511,2:55,"Jimmy, Shawn Mendes & The Roots ""Treat You Better"" (Classroom Instruments)",https://www.instagram.com/tv/Bosw0Xzh0Xg/
42,@fallontonight,Post Malone is challenged to keep his cool as he watches a few videos with jump scares hidden somewhere in them.,128,4032,2018-10-03T18:01:25,173939,2:19,?????Post Malone Takes The Jump Scare Dare Challenge?????,https://www.instagram.com/tv/Boeu_UQnUPH/
43,@fallontonight,"Kevin Hart struggles to keep his fear in check as Robert Irwin, 14-year-old son of Crocodile Hunter Steve Irwin, brings out some interesting animals to show him and Jimmy, including some kingsnakes, a tarantula and a falcon.",407,12.1k,2018-09-26T23:13:53,258607,14:38,Kevin Hart Is Terrified of Robert Irwin's Animals,https://www.instagram.com/tv/BoNQxN2H2V7/
44,@fallontonight,,113,4771,2018-09-20T17:24:26,138045,5:06,Jimmy Fallon and Kevin Hart Go Back to High School,https://www.instagram.com/tv/Bn9Mbznn5lP/
45,@fallontonight,Glenn Close and Finn Wolfhard go head-to-head in a trivia game where the winner of each round gets a puppy to snuggle.,37,1790,2018-08-07T05:14:22,59445,7:22,Pup Quiz with Glenn Close and Finn Wolfhard,https://www.instagram.com/tv/BmKljeCFKDC/
46,@fallontonight,Jimmy Fallon shows a clip from &quot;Ew!&quot; in which Sara and her camp BFF Abby (Britney Spears) show each other Throwback Thursday Instagram photos and play Fashion Freeze.,83,2639,2018-08-06T16:47:49,126611,5:12,"""Ew!"" with Britney Spears",https://www.instagram.com/tv/BmJPC6-l5Bq/
47,@fallontonight,"@BackstreetBoys join @JimmyFallon and The Roots to perform their hit &quot;I Want It That Way&quot; with classroom instruments. 
See the full instrument list below:

Brian Littrell - Vocals, Apple Shaker, Wood Block
Nick Carter - Vocals, Tambourine
Kevin Richardson - Vocals, Güiro
AJ McLean - Vocals, Maraca
Howie Dorough - Vocals, Coconuts 
Jimmy Fallon - Vocals, Bass Drum, Casio Keyboard, Apple Shaker
Questlove - Hand clappers 
Kamal Gray - Xylophone
James Poyser - Melodica
Captain Kirk - Ukulele
Tuba Gooding Jr. - Kazoo, Apple Shaker
Mark Kelley - Kazoo
Stro - Bongos
Black Thought - Triangle",679,9609,2018-06-29T03:45:10,247225,2:44,"Jimmy, Backstreet Boys & The Roots Sing ""I Want It That Way""",https://www.instagram.com/tv/Bkl-fYXDxqF/
48,@fallontonight,SNL’s Pete Davidson talks about how weird it is how much people care about his engagement to Ariana Grande.,53,2600,2018-06-28T21:51:04,103479,8:07,Pete Davidson Confirms His Engagement To Ariana Grande,https://www.instagram.com/tv/BklX98sD6La/
49,@fallontonight,"@JimmyFallon and stars of the 2018 #NBADraft join forces for a TGIF-style opening credits, with an original theme song, &quot;Play-by-Play&quot; written and performed by Jesse Frederick (who sang the themes to &quot;Full House,&quot; &quot;Family Matters&quot; and &quot;Perfect Strangers&quot;). Full lyrics below:

Sometimes you wonder
“Am I ever going to get my break”
But you’re the real deal, you never fake it…
You know you’re going to make it!

Even when the game’s a ‘foul out’
If coach never seems to look your way
There’s no shame, you keep your head in the game…
Tomorrow everybody’s gonna’ know your name!

Play By Play
Nothing’s going to stand in your way
The shot at buzzer
No worries, no sweat
As long as you ‘believe’
It’s going nothing but net

Play By Play
Never looking back… to yesterday

Oh…
Moving off the sideline
Taking your shot
It’s a slam dunk you’re headed…
Straight to the top…",47,1489,2018-06-21T23:36:45,100667,1:07,Jimmy Fallon & NBA Draft Stars '90s Sitcom Theme,https://www.instagram.com/tv/BkThzo1j82q/
50,@fallontonight,Chris Pratt and Jimmy Fallon take turns trying to stump each other about what items are hidden inside their mystery boxes. #FallonTonight #FallenKingdom #BoxOfLies,192,10.4k,2018-06-20T17:42:02,343649,5:40,Box of Lies with Chris Pratt,https://www.instagram.com/tv/BkQVfFUhEZa/
51,agt,Take a look at who’s performing night 1!,148,8406,N/A,29510,2:08,#AGT live shows begin TUESDAY 8/7c on @NBC.,https://www.instagram.com/tv/B0_RD72Bkll/
52,agt,N/A,N/A,N/A,N/A,N/A,1:30,Always remember the golden moments.,https://www.instagram.com/tv/B09BgHLhOJt/
53,agt,,222,21426,N/A,105329,5:53,@ecsleights blew our minds and possibly stole our wallets. ?? #JudgeCuts,https://www.instagram.com/tv/B02BbbehcFc/
54,agt,"There’s no phantoms at this opera, only standing ovations! #JudgeCuts",675,42204,N/A,202411,5:08,"Meet Jay Leno’s Golden Buzzer, @emannebeasha.",https://www.instagram.com/tv/B02AOPNBxti/
55,agt,#JudgeCuts,214,27045,N/A,142283,4:41,No one could’ve predicted @marina_mazepa’s shocking performance! ?,https://www.instagram.com/tv/B018q6ChtgF/
56,agt,#AGT continues TUESDAY 8/7c on @NBC.,478,33888,N/A,140985,2:45,@beniciobryant steps up with the perfect original song for #JudgeCuts!,https://www.instagram.com/tv/B0qsx4uBZog/
57,agt,#JudgeCuts,324,26627,N/A,140244,7:15,@LBKidsOfficial lit it up and punched their golden ticket to lives!,https://www.instagram.com/tv/B0j9gpSHex8/
58,agt,#JudgeCuts,540,42740,N/A,242991,5:59,It’s just a matter of time until you see @AnsleyBurns’ name in lights!,https://www.instagram.com/tv/B0j79ZEnGcX/
59,agt,#JudgeCuts,310,27775,N/A,120311,3:36,How many movies can you name from @gregmortoncomic’s performance?,https://www.instagram.com/tv/B0j3NKiHO_9/
60,agt,,68,12485,N/A,77917,1:32,"@elliekemper is guest judging this week, and we think she’s pretty ?.",https://www.instagram.com/tv/B0gi-ZtB4Xt/
61,agt,@elliekemper joins us for the third round of #JudgeCuts TUESDAY 8/7c on @NBC.,137,16870,N/A,103496,3:49,@Duplaotempooficial are having a good time on their way UP!,https://www.instagram.com/tv/B0YsL7GhUek/
62,agt,,199,16277,N/A,91598,4:12,"No sitting, just rockin’ and rollin’! #JudgeCuts",https://www.instagram.com/tv/B0R-fZiBUq4/
63,agt,@dwyanewade hits his Golden Buzzer to send them straight to live shows! #JudgeCuts,1215,54265,N/A,250135,8:12,@v.unbeatable_official_india defies gravity!,https://www.instagram.com/tv/B0R75mvhIbt/
64,agt,N/A,N/A,N/A,N/A,N/A,5:00,@AlexDowisArt honors the mission to the moon in this moving performance!,https://www.instagram.com/tv/B0R6eTEBaNn/
65,agt,,237,13612,N/A,77152,3:52,What do you think @birkhalsagroup’s batting average is? ? #JudgeCuts,https://www.instagram.com/tv/B0R14MtBMTr/
66,agt,,47,9992,N/A,71779,3:47,"@dwyanewade gets personal about basketball, home life, and #AGT.",https://www.instagram.com/tv/B0JkotihQP5/
67,agt,@dwyanewade joins the panel for the second round of #JudgeCuts TUESDAY 8/7c on @nbc.,333,27672,N/A,172327,3:52,@birkhalsagroup is taking ice-breakers to a whole new level! ?,https://www.instagram.com/tv/B0JJXXXBpk0/
68,agt,Tune in TUESDAY 8/7c on @NBC to find out!,38,11127,N/A,66532,1:29,"@dwyanewade is a basketball superstar, but what kind of judge will he be?",https://www.instagram.com/tv/B0GkTP8hZ9K/
69,agt,,795,36416,N/A,194441,5:04,No sleep? No problem! #JudgeCuts,https://www.instagram.com/tv/Bz_-P6KhNDP/
70,agt,,441,22386,N/A,133608,3:13,@ChrisKlafford breaks out an incredible original song for #JudgeCuts.,https://www.instagram.com/tv/Bz_8w8RjdOV/
71,agt,,410,20673,N/A,127526,5:06,All our emotions got caught in @circusspinner’s dreamcatcher. #JudgeCuts,https://www.instagram.com/tv/Bz_7eccDROe/
72,agt,N/A,N/A,N/A,N/A,N/A,7:01,@BradPaisley is sending @SophiePecora to lives!,https://www.instagram.com/tv/Bz_563wDt2_/
73,agt,Don't miss @BradPaisley's first-ever Golden Buzzer TOMORROW 8/7c on @NBC.,184,25972,N/A,134407,10:46,@SimonCowell invites YOU to watch the first 10 minutes of Judge Cuts!,https://www.instagram.com/tv/Bz8ii-UF_Dv/
74,agt,Don't miss @BradPaisley's first-ever Golden Buzzer TOMORROW 8/7c on @NBC.,41,4068,N/A,18067,10:46,@SimonCowell invites YOU to watch the first 10 minutes of Judge Cuts!,https://www.instagram.com/tv/Bz8gPJKFbn6/
75,agt,The first round of #JudgeCuts begins Tuesday 8/7c on NBC.,41,11176,N/A,64848,3:00,Find out what kind of judge @BradPaisley will be!,https://www.instagram.com/tv/Bz33l4YBu7r/
76,agt,,104,18149,N/A,119925,2:57,The lost @bradpaisley audition tape has leaked! ?,https://www.instagram.com/tv/Bz1bR5xBQ0T/
77,agt,,90,19014,N/A,100425,1:34,We live for these extraordinary Golden Buzzer moments. ??,https://www.instagram.com/tv/Bz0wdFpBc1W/
78,agt,,1084,49821,N/A,256581,8:16,@thelukeislam had a dream. @juleshough made it come true. #AGT,https://www.instagram.com/tv/Bzt_GhKBnqA/
79,agt,,851,39162,N/A,198723,6:14,The man. The beard. The voice. ? #AGT,https://www.instagram.com/tv/Bzt5rLJBgWn/
80,agt,,173,18892,N/A,109979,6:24,@robertfinleymusic has his sights set on stardom! #AGT is all-new TUESDAY!,https://www.instagram.com/tv/Bzi1HQyB6ID/
81,agt,,1065,54538,N/A,278677,8:14,@kodileerocks was born to entertain...and maybe make everyone cry. ??,https://www.instagram.com/tv/Bzb9qe8hQcp/
82,agt,,237,23078,N/A,122037,9:28,Even @itsjosephallen’s smile is Golden Buzzer worthy! ? #AGT,https://www.instagram.com/tv/Bzb7CcehHY-/
83,agt,,800,41334,N/A,191347,8:00,Light up shoes. Knock out talent! @tylerbutlerfigueroaviolinist wows #AGT,https://www.instagram.com/tv/Bzb43c7hrgI/
84,agt,,160,17786,N/A,100292,9:34,THIS is their moment! ?,https://www.instagram.com/tv/BzbzEfZhAOe/
85,agt,N/A,N/A,N/A,N/A,N/A,3:29,@emannebeasha’s voice is stunning! No magic ice cream required! ?? #AGT,https://www.instagram.com/tv/BzJ4KUmBTh-/
86,agt,,124,19339,N/A,118596,7:32,Do not ask @sideshowopera to pass the silverware. ?? #AGT,https://www.instagram.com/tv/BzJvhqThidR/
87,agt,,1363,101207,N/A,839309,4:01,@izzyandeaston are absolutely captivating! ? #AGT,https://www.instagram.com/tv/BzD2I-fhNcf/
88,agt,,669,36514,N/A,197251,5:31,Out of the shadows comes a story of love. @VerbaShadow wows Tuesday on #AGT,https://www.instagram.com/tv/By-mjvKBggK/
89,agt,N/A,N/A,N/A,N/A,N/A,9:34,The ceiling can’t hold @terrycrews’ Golden Buzzer! ?? #AGT,https://www.instagram.com/tv/By36dqTBG1l/
90,agt,,451,26497,N/A,173970,5:41,WOW! @ademshow just defied the laws of...everything? ? #AGT,https://www.instagram.com/tv/By3z8kSBteV/
91,agt,N/A,N/A,N/A,N/A,N/A,4:49,Second chances can change lives.,https://www.instagram.com/tv/Byx9ovYHi6v/
92,agt,,140,19446,N/A,130443,3:46,Nine dogs. Four humans. One wild ride. #AGT is all-new TUESDAY 8/7c on @NBC,https://www.instagram.com/tv/Bysix2Ph5aP/
93,agt,,9,645,N/A,11555,3:46,Nine dogs. Four humans. One wild ride. #AGT is all-new TONIGHT 8/7c on @NBC,https://www.instagram.com/tv/ByshkbphgcO/
94,agt,,3877,97450,N/A,483574,8:00,"@tylerbutlerfigueroaviolinist, earned his place at the live shows! ?? #AGT",https://www.instagram.com/tv/Byl5C7UB0g7/
95,agt,,1064,49008,N/A,335614,3:19,Our grandpas are stronger than your grandpas. ???? #AGT,https://www.instagram.com/tv/BylweT-BnSS/
96,agt,#AGT Continues Tues 8/7c on @NBC.,130,17987,N/A,125440,5:14,@DomjChambers: voted best person to go to the bar with. ?,https://www.instagram.com/tv/Byfm3PQhAuC/
97,agt,The search for talent continues Tues 8/7c on @NBC.,516,44920,N/A,301564,4:03,@charlottesummersofficial put a spell on us! ? #AGT,https://www.instagram.com/tv/ByajaLJh6tS/
98,agt,,754,36978,N/A,193290,9:28,@itsjosephallen had the audience on their feet right from the start! ?#AGT,https://www.instagram.com/tv/ByT3O8GB2Sw/
99,agt,,255,23851,N/A,147923,3:58,@LBKidsOfficial lit up the stage! ?? #AGT,https://www.instagram.com/tv/ByT0ycPhTUg/
100,agt,,881,47722,N/A,292548,4:49,@beniciobryant hit the judges with raw talent and authenticity. ? #AGT,https://www.instagram.com/tv/ByTrvPkhJOi/
101,agt,You won’t want to miss #AGT this Tuesday 8/7c on @nbc.,345,21949,N/A,177149,5:42,Coconuts: ? Blindfold: ? Sledgehammer? ?,https://www.instagram.com/tv/ByK-PH8Bf3k/
102,agt,,6809,157287,N/A,850025,8:14,@kodileerocks touched all of our hearts tonight. ???? #AGTPremiere,https://www.instagram.com/tv/ByB2AU5B-x7/
103,agt,,627,31912,N/A,224406,7:21,You HAVE to see @SophiePecora’s moving performance! ??,https://www.instagram.com/tv/ByBsK_CheGu/
104,agt,See for yourself on the season premiere of #AGT Tuesday 8/7c on @NBC.,766,37379,N/A,238492,2:18,There’s a reason their name is V.Unbeatable!,https://www.instagram.com/tv/Bx2aXA6B_jM/
105,agt,N/A,N/A,N/A,N/A,N/A,3:15,Talent University: Jon Dorenbos,https://www.instagram.com/tv/BnrIVh_HruY/
106,agt,"We are SHOOK! The biggest boy band on the planet graced the AGT stage with their incredible performance of ""Idol"".",174,2909,N/A,35136,3:07,"Global Sensation BTS Performs ""Idol"" on AGT",https://www.instagram.com/tv/BnpfgOVnxqz/
107,agt,LOL! Howie puts AGT contestants in the most awkward situations. The reactions are priceless.,20,1114,N/A,30634,3:28,Howie Mandel Pranks People While Undercover At An AGT Audition,https://www.instagram.com/tv/BncfU9LHFwu/
108,agt,"Card magic, quick changes, and an epic light up dance crew came together and delivered an incredible performance!",17,1417,N/A,37266,2:39,The Illusionists And Light Balance Perform Epic Magic And Dance Collab,https://www.instagram.com/tv/BnJzyd5nMVx/
109,agt,Today's Talent University lesson is all about the art of the performance with @BrianJustinCrum. Created with our partner @DunkinDonuts.,5,294,N/A,11750,3:01,Talent University: Brian Justin Crum,https://www.instagram.com/tv/BnHFDmPH4i6/
110,agt,OMG! Simon secretly coached people through dating Tyra Banks and it ended with Heidi Klum throwing her drink in Taylor Williamson's face.,69,2842,N/A,56000,5:08,"Simon Cowell Sabotages Tyra Banks' Blind Dates, Hilarity Ensues",https://www.instagram.com/tv/BnEtGfsHgiq/
111,agt,"The winner of season 12, Darci Lynne, is back with an amazing rendition of ""Show Off.""",59,2731,N/A,53710,3:00,"Darci Lynne, The 13-Year-Old Ventriloquist, Returns With ""Show Off",https://www.instagram.com/tv/BmjZJFanTDn/
112,agt,@sofiedossi is bringing her secrets for maximum flexibility to Talent University! Created with @DunkinDonuts.,16,887,N/A,23338,3:04,Talent University: Sofie Dossi,https://www.instagram.com/tv/Bmi8Sw3nIuA/
113,agt,The young rapper returns with a touching and heart-wrenching original. Flau'jae's amazing performance earned her the golden buzzer from Chris Hardwick!,75,1404,N/A,14717,4:56,Flau'jae: 14-Year-Old Rapper Earns Golden Buzzer From Chris Hardwick,https://www.instagram.com/tv/BmM5hH-HkxD/
114,agt,"Lord Nil left with shattered bones last time he tried this escape. Per Simon Cowell's request, he upped the ante by including alligators. Catch him hanging upside down in a straight jacket by ropes on fire... it's insanely dangerous.",28,830,N/A,24243,4:16,Lord Nil: Nearly Eaten Alive By Alligators In Dangerous Stunt,https://www.instagram.com/tv/BmBybb-HAAk/
115,agt,@juniorandemilyalabi are getting physical with your education at Talent University! ?? Created with our partner @dunkindonuts.,9,207,N/A,11201,4:11,Talent University: Junior and Emily Alabi,https://www.instagram.com/tv/Bl--ONzFnHK/
116,agt,Guest judge Martina McBride hit her golden buzzer for Quin and Misha! Catch their high energy and inspirational performance.,32,661,N/A,19813,4:10,Quin and Misha: 71-Year-Old Dancer And Partner Receive Golden Buzzer,https://www.instagram.com/tv/Bl6zR9aDxbO/
117,agt,SHE'S BACK. The Sacred Riana conjures an imaginary friend to play with Mel B and this is the scariest magic Mel has seen.,95,1802,N/A,47690,4:49,The Sacred Riana: Summons A Terrifying Imaginary Friend,https://www.instagram.com/tv/BlvnJg_BznZ/
118,agt,N/A,N/A,N/A,N/A,N/A,5:35,Angel City Chorale: Amazing Choir Earns Golden Buzzer From Olivia Munn,https://www.instagram.com/tv/Blox7JVhRko/
119,agt,Close-up magician Shin Lim surprises Olivia Munn with some of the best card tricks in AGT history.,22,871,N/A,23061,3:04,Shin Lim: Proves Magic Is Real With Unbelievable Card Tricks,https://www.instagram.com/tv/BldsSGLA17p/
120,agt,@Castoinev and Percy take teacher’s pet to another level at Talent University. ??????Created with our partner @dunkindonuts.,3,396,N/A,13999,2:26,Talent University: Christian Stoinev,https://www.instagram.com/tv/Bla9kRsntRa/
121,agt,N/A,N/A,N/A,N/A,N/A,5:43,Voices Of Hope Children's Choir: Moana Performance Earns Golden Buzzer,https://www.instagram.com/tv/BlW0wfahMdO/
122,agt,"OMG! Aaron Crow returns with an incredibly dangerous performance! Watch as he shoots an arrow through an apple on Heidi Klum's head, nearly missing her and Ken Jeong!",48,1967,N/A,54281,4:47,Aaron Crow: Dangerously Shoots Apple Off Heidi Klum’s Head,https://www.instagram.com/tv/BlL8enaFPvr/
123,agt,This married couple from Salt Lake City performs a stunning trapeze performance. Watch as the stakes are high and they fly even higher.,19,1093,N/A,26458,3:33,Duo Transcend: Performs Dangerous Trapeze Act,https://www.instagram.com/tv/BlJfDA9AStr/
124,agt,"Danger act Aaron Crow drips hot wax onto his eyes and grazes Howie's head with a sword. From slicing a pineapple with a sword, to breaking wooden boards with nunchucks, Aaron brings the danger to AGT.",25,892,N/A,21546,5:46,Aaron Crow: Pours Hot Wax On Eyes And Swings Sword At Howie Mandel,https://www.instagram.com/tv/BlGsRYClSt0/
125,agt,"The teenager from Canyon Lake, CA performs ""Warrior"" by Demi Lovato. Watch as she earns the coveted Golden Buzzer from Heidi Klum, which sends her straight to the live shows at the Dolby Theater.",145,3925,N/A,75631,4:37,"Makayla Phillips: 15-Year-Old Receives Golden Buzzer For ""Warrior""",https://www.instagram.com/tv/BlFCN5JBZdV/
126,agt,The noisemakers from Japan are bringing a new musical technique to AGT.,22,790,N/A,20798,3:42,Yumbo Dump: Comedic Duo Makes Unbelievable Sounds With Their Bodies,https://www.instagram.com/tv/BlD1CxWHoOV/
127,agt,The acrobatic dance troupe from Austria perform a stunning routine. This incredibly entertaining act earns a golden buzzer from Tyra Banks.,42,1615,N/A,25366,4:29,Zurcaroh: Golden Buzzer Worthy Aerial Dance Group Impresses Tyra Banks,https://www.instagram.com/tv/BlBc4VWnf6D/
128,agt,"Shin Lim shocks the AGT audience with his mind-bending card magic, and will leave you omg-ing!",24,956,N/A,21586,4:25,Shin Lim: Magician Blows Minds With Unbelievable Close-Up Magic,https://www.instagram.com/tv/Bk-ybQ0HrdF/
129,agt,"The Massachusetts native scores the golden buzzer from scary spice herself, Mel B! See why the confetti falls with her rendition of ""Natural Woman.""",51,1833,N/A,27668,4:53,Amanda Mena: The 15-Year-Old Earns Golden Buzzer From Mel B,https://www.instagram.com/tv/Bk8FL5nH8lR/
130,agt,"Angel Garcia stuns the audience by singing the iconic song, ""El Triste.""",60,1482,N/A,24811,2:28,"Angel Garcia: 12-Year-Old Sings Spanish Hit, 'El Triste'",https://www.instagram.com/tv/Bk5lAX-HlEt/
131,agt,Professor @merrickhanna is taking atten-DANCE at Talent University. Don't be late! ?? Created with our partner @dunkindonuts.,34,1228,N/A,29981,3:33,Talent University: Merrick Hanna,https://www.instagram.com/tv/Bk24Tc0nl_4/
132,agt,N/A,N/A,N/A,N/A,N/A,5:30,Michael Ketterer: Father Of 6 Scores Golden Buzzer From Simon Cowell,https://www.instagram.com/tv/Bkx5NJFnXjL/
133,agt,"The Nebraska native who currently resides in Nashville, TN performs a rousing rendition of Jordan Smith's ""Stand In The Light.""",49,1484,N/A,30446,2:38,Brody Ray: Transgender Singer Is Ready To Stand In The Light,https://www.instagram.com/tv/BkgrZaegAT2/
134,agt,N/A,N/A,N/A,N/A,N/A,2:10,Troy James: Terrifies Judges With Chilling Contortion,https://www.instagram.com/tv/BkgKXdzAH5L/
135,agt,We did not see that coming! You won't believe the performance from this eccentric teenager. Courtney earned Howie Mandel's Golden Buzzer sending her straight to the live shows of America's Got Talent.,1425,30508,N/A,717794,4:05,Courtney Hadwin: 13-Year-Old Golden Buzzer Winning Performance,https://www.instagram.com/tv/BkQTCZ-hKf4/
136,@nbcsongland,@aloeblacc&#x27;s new single for Fast &amp; Furious Presents: Hobbs &amp; Shaw was created through the magic of #Songland.,96,2679,2019-07-03T03:01:39,17746,1:56,Aloe Blacc has a brand new song!,https://www.instagram.com/tv/BzcFNw1BUKW/
137,@nbcsongland,Hurt Me by Meghan Trainor &amp; KOLE,57,2418,2019-06-26T23:46:31,15181,3:21,Meghan Trainor's new single is absolutely ?. Hear it first on Songland.,https://www.instagram.com/tv/BzMR2XbnTZe/
138,@nbcsongland,"It&#x27;s all yours, thanks to the magic of Songland.",425,6384,2019-06-19T03:01:56,32534,2:58,Jonas Brothers have a BRAND NEW song.,https://www.instagram.com/tv/By4CDbwhKb3/
139,@nbcsongland,We Need Love - John Legend,246,3738,2019-05-29T03:02:22,20380,2:43,John Legend has a brand-new single and you can hear it on #Songland first!,https://www.instagram.com/tv/ByB9WpbF0zP/
140,@ninjawarrior,#AmericanNinjaWarrior takes Baltimore by storm MONDAY 8/7c on @nbc.,75,6804,2019-08-09T15:09:21,28630,3:15,Lightning always strikes when @JoeMoravsky takes on the course. ??,https://www.instagram.com/tv/B08pz25ACRS/
141,@ninjawarrior,,14,3712,2019-08-06T02:14:57,25255,2:00,You can see the determination in their eyes! #AmericanNinjaWarrior,https://www.instagram.com/tv/B0ziwv0gGUa/
142,@ninjawarrior,,270,15k,2019-08-06T01:50:22,64622,5:40,@JESSIEgraffPWR just showed city finals who’s BOSS.,https://www.instagram.com/tv/B0za7uyAcch/
143,@ninjawarrior,,19,3721,2019-08-06T00:51:01,18508,3:27,@karsonvoiles’s heart couldn’t be bigger running the course for his father.,https://www.instagram.com/tv/B0zWOhSgcqW/
144,@ninjawarrior,#AmericanNinjaWarrior City Finals continue in Seattle MONDAY 8/7c on @nbc.,35,5023,2019-08-02T16:23:02,28864,3:51,@Zimmpossible knows what it takes to be one of the greats.,https://www.instagram.com/tv/B0qvwUeAWC4/
145,@ninjawarrior,,29,3354,2019-07-31T16:25:39,17435,4:13,This run by @joshuapayneharris is BANANAS! ?,https://www.instagram.com/tv/B0lnYUigrYo/
146,@ninjawarrior,,10,3701,2019-07-30T02:07:01,22545,3:53,We can't pick our jaws up from the floor watching these Ninjas conquer.,https://www.instagram.com/tv/B0hgCI2gswB/
147,@ninjawarrior,,77,6770,2019-07-30T01:46:57,33943,3:22,@Kingdom_Ninja is truly the KING.,https://www.instagram.com/tv/B0hdkc_AfhP/
148,@ninjawarrior,,92,6346,2019-07-30T00:17:59,35683,5:09,@nvr_gvup's determination is unstoppable. ?,https://www.instagram.com/tv/B0hTLFXg3IU/
149,@ninjawarrior,#AmericanNinjaWarrior takes OKC by storm MONDAY 8/7c on @nbc.,167,9100,2019-07-26T16:40:07,49348,3:48,"@nvr_gvup always puts others first, but it's time for her to SHINE.",https://www.instagram.com/tv/B0YvNONggWY/
150,@ninjawarrior,,18,3728,2019-07-24T16:06:15,18429,3:35,@TylercGillett is one to watch for in the Las Vegas finals.,https://www.instagram.com/tv/B0Tjl50AUuT/
151,@ninjawarrior,,7,3372,2019-07-23T02:04:59,22230,2:03,These Ninjas gave it their absolute all out on the course.,https://www.instagram.com/tv/B0PeBn4gwe-/
152,@ninjawarrior,,160,10.9k,2019-07-23T01:49:27,47502,3:38,@reallifeninja is stopping at nothing for another shot at the finals.,https://www.instagram.com/tv/B0Pbj7dgFUD/
153,@ninjawarrior,,50,6169,2019-07-23T01:16:46,32056,4:27,"@ryan_strat put BLOOD, sweat, and tears into his city finals run.",https://www.instagram.com/tv/B0PYrU0AXFr/
154,@ninjawarrior,,15,3731,2019-07-19T22:13:04,24905,1:53,@amandamasongsong proves why she's our Snapchat champion!,https://www.instagram.com/tv/B0HVjyOAXos/
155,@ninjawarrior,City Finals continue in Atlanta MONDAY 8/7c on @nbc. #AmericanNinjaWarrior,125,9751,2019-07-19T18:55:04,88756,4:49,"@themakerninja doesn't just invent obstacles, he dominates them. ?",https://www.instagram.com/tv/B0G9FVKADF0/
156,@ninjawarrior,,13,4242,2019-07-19T15:59:39,25914,2:05,Started from the Snapchat competition now Landon is HERE.,https://www.instagram.com/tv/B0GqcibgzFs/
157,@ninjawarrior,,21,4747,2019-07-17T18:28:44,28621,3:27,@MinneSoderman showed the LA City Finals who's boss! #AmericanNinjaWarrior,https://www.instagram.com/tv/B0ByVUYA17q/
158,@ninjawarrior,,14,4781,2019-07-16T02:03:29,26687,2:31,These Ninjas had us on the edge of our seats. #AmericanNinjaWarrior,https://www.instagram.com/tv/Bz9bab4neWF/
159,@ninjawarrior,,60,8679,2019-07-16T01:38:59,58760,2:17,There's a reason @Youngflip7 is one of the greats. WOW.,https://www.instagram.com/tv/Bz9YrTgnwOr/
160,@ninjawarrior,,59,8721,2019-07-16T00:36:26,71707,3:24,@Kevin_The_Bull isn't one to mess with. ?,https://www.instagram.com/tv/Bz9SQVmHnnQ/
161,@ninjawarrior,,45,5960,2019-07-12T23:29:08,58297,4:13,City Qualifiers brought out the beasts in all our competitors. ?,https://www.instagram.com/tv/Bz1avDOgH2t/
162,@ninjawarrior,#AmericanNinjaWarrior continues with LA City finals MONDAY 8/7c on @nbc.,70,4287,2019-07-12T18:00:15,29223,2:48,"@thebriankretsch has competed EVERY season, but this run is unlike the rest",https://www.instagram.com/tv/Bz02q85ghMZ/
163,@ninjawarrior,,28,6166,2019-07-09T02:02:47,89332,2:03,Nothing fuels these Ninjas more than their strong support systems!,https://www.instagram.com/tv/Bzra_nSAMas/
164,@ninjawarrior,,157,12.9k,2019-07-09T01:37:35,68537,2:51,"Bride to be, @flexlabreck DOM-IN-NATED the course! ?",https://www.instagram.com/tv/BzrYBr6AUSV/
165,@ninjawarrior,,80,8863,2019-07-09T01:14:59,134463,1:46,@EthanSwanson conquered EVERY fear out on the course.,https://www.instagram.com/tv/BzrVqTtAfnB/
166,@ninjawarrior,#AmericanNinjaWarrior is all-new Monday 8/7c on NBC.,97,11.2k,2019-07-05T15:38:48,168398,3:06,@islandninja’s in it to WIN IT. ??,https://www.instagram.com/tv/BzilJmygosw/
167,@ninjawarrior,,23,4420,2019-07-02T02:08:16,37892,2:15,"Dedication, redemption and heart make up these epic Ninjas.",https://www.instagram.com/tv/BzZaPhagEQj/
168,@ninjawarrior,,103,14.9k,2019-07-02T01:55:15,216553,3:46,"@the.flying.phoenix didn't come here to PLAY, he came to WIN.",https://www.instagram.com/tv/BzZX5fAgWa-/
169,@ninjawarrior,,35,6819,2019-07-02T01:35:42,59225,2:10,"It may be summer, but @allyssabeird is putting class back in session.",https://www.instagram.com/tv/BzZWDZhgFPG/
170,@ninjawarrior,#AmericanNinjaWarrior kicks off in Baltimore MONDAY 8/7c on NBC.,105,8993,2019-06-28T16:06:12,92742,2:21,@JoeMoravsky is bringing the electricity to the course. ??,https://www.instagram.com/tv/BzQmy-CgOmQ/
171,@ninjawarrior,,136,12.8k,2019-06-27T17:05:22,161348,3:37,@JessieGraffPWR returned with one heroic run. #AmericanNinjaWarrior,https://www.instagram.com/tv/BzOI5NOgDvF/
172,@ninjawarrior,,30,4116,2019-06-26T18:02:37,46350,1:05,@meyer_jax crushed it in Tacoma. Scout's honor. ??,https://www.instagram.com/tv/BzLnRnsAh9R/
173,@ninjawarrior,,55,9957,2019-06-25T02:05:49,196225,3:02,Blink and you might miss these epic runs. #AmericanNinjaWarrior,https://www.instagram.com/tv/BzHYZzDArq5/
174,@ninjawarrior,,103,9522,2019-06-25T01:50:36,66213,2:52,Yee and @LancePekus cannot stress this enough...HAW. ?,https://www.instagram.com/tv/BzHWVF4A0U1/
175,@ninjawarrior,,281,14.2k,2019-06-25T00:31:44,85297,4:06,@zimmpossible just made HISTORY! #AmericanNinjaWarrior,https://www.instagram.com/tv/BzHMfEHgEMa/
176,@ninjawarrior,,133,14.2k,2019-06-21T19:48:31,201820,2:00,@JESSIEgraffPWR's return is nothing short of epic. #AmericanNinjaWarrior,https://www.instagram.com/tv/By--yNcgQBW/
177,@ninjawarrior,,33,4530,2019-06-19T16:26:05,27482,2:38,The grass is always greener for @andrizoWarrior. #AmericanNinjaWarrior,https://www.instagram.com/tv/By5eAFYgW7_/
178,@ninjawarrior,,35,5474,2019-06-18T02:08:32,54844,4:01,These Ninjas are straight fire ?. #AmericanNinjaWarrior,https://www.instagram.com/tv/By1WWY3A4UM/
179,@ninjawarrior,,187,19k,2019-06-18T01:47:30,279273,1:38,Make way for the KING!?#AmericanNinjaWarrior,https://www.instagram.com/tv/By1UpHqg975/
180,@ninjawarrior,,72,10.3k,2019-06-18T01:01:54,121929,4:02,@sparklyninja is BACK and better than ever! ? #AmericanNinjaWarrior,https://www.instagram.com/tv/By1PDbHgr-7/
181,@ninjawarrior,,54,6435,2019-06-16T16:33:36,48951,2:36,@tmortimer08 is one of the many reasons why we celebrate our dads today.,https://www.instagram.com/tv/ByxwWj_g9hQ/
182,@ninjawarrior,,53,6553,2019-06-07T15:57:48,54206,4:15,FEAR. THE. BEARD #AmericanNinjaWarrior,https://www.instagram.com/tv/Byag_5og4Op/
183,@ninjawarrior,,21,4497,2019-06-06T02:03:51,48023,2:15,We're constantly impressed with the endurance these Ninjas bring.,https://www.instagram.com/tv/ByWdDzngXyR/
184,@ninjawarrior,,254,19.6k,2019-06-06T01:55:39,320193,1:36,He's called the @reallifeninja for a reason. ? #AmericanNinjaWarrior,https://www.instagram.com/tv/ByWa9rtAWHW/
185,@ninjawarrior,,90,17.5k,2019-06-06T01:39:11,278584,4:35,@ninjajessclay is proof that anything is possible. #AmericanNinjaWarrior,https://www.instagram.com/tv/ByWX79dAI5M/
186,@ninjawarrior,A special @secretlifeofpets edition of #AmericanNinjaWarrior airs Wednesday 8/7c on @NBC.,253,13k,2019-06-03T16:20:00,117866,1:37,May the best pet win!,https://www.instagram.com/tv/ByQQpmBA6gv/
187,@ninjawarrior,,30,6912,2019-05-31T16:03:06,68937,2:01,@imalexweber is LITERALLY crashing the course! Go Alex go!,https://www.instagram.com/tv/ByIgOEzAZxg/
188,@ninjawarrior,Don’t miss American Ninja Warrior Wednesdays 8/7c on NBC.,19,4971,2019-05-30T02:11:41,59998,1:56,"@TheChadFlexington, @mrsuccessfu1, and @burkinator500 blew us away!",https://www.instagram.com/tv/ByEcBN_gs7C/
189,@ninjawarrior,Don’t miss American Ninja Warrior Wednesdays 8/7c on NBC.,595,50.6k,2019-05-30T01:50:50,1078993,1:49,"Don't mess with @Kevin_the_bull, you'll get the horns.",https://www.instagram.com/tv/ByEYn45gN9O/
190,@ninjawarrior,American Ninja Warrior returns Wednesday 8/7c on@nbc.,179,19.5k,2019-05-27T15:45:58,392349,2:56,"When it comes to the #AmericanNinjaWarriorCourse, @youngflip7 is fearless.",https://www.instagram.com/tv/Bx-K0CRg3hK/
191,@ninjawarrior,"Host Allyson Felix recaps all the biggest moments from the season&#x27;s finale episode. Plus, watch the ninjas talk about their favorite moments from Season 10.",9,613,2018-09-13T02:05:16,14887,6:36,Ninja Warrior Weekly: Las Vegas Night 3,https://www.instagram.com/tv/BnphojBBW4C/
192,@ninjawarrior,"Host Allyson Felix recaps all the biggest moments from this week&#x27;s episode, including Jake Murray&#x27;s incredible run, Kenny Niemitalo&#x27;s heart-breaking week and Jessie Graff&#x27;s message to the ninja community.",5,337,2018-09-05T23:49:29,8412,5:56,American Ninja Warrior Weekly: Vegas Night 2,https://www.instagram.com/tv/BnXQoSIhTsS/
193,@ninjawarrior,Watch Eric Middleton&#x27;s run from the Vegas Finals - Stage 1.,3,552,2018-09-04T17:17:30,17693,2:46,Eric Middleton at the Vegas Finals: Stage 1,https://www.instagram.com/tv/BnT_CsNhxqJ/
194,@ninjawarrior,Watch Jamie Rahn stun all when he runs barefoot at the Vegas Finals - Stage 1.,31,3595,2018-08-29T01:25:34,84513,2:51,Jamie Rahn Goes Barefoot at the Vegas Finals: Stage 1,https://www.instagram.com/tv/BnC1NknhR0i/
195,@ninjawarrior,"Host Allyson Felix recaps all the biggest moments from this week&#x27;s episode, including Meagan Martin&#x27;s run, the rising rookies and her pick for Warrior of the Week, Jon Alexis Jr.",1,216,2018-08-23T17:02:01,9248,4:02,American Ninja Warrior Weekly: Minneapolis Finals,https://www.instagram.com/tv/Bm1Dbi9hMTZ/
196,@ninjawarrior,Watch Jake Murray&#x27;s run from the Minneapolis City Finals.,2,171,2018-08-21T00:55:54,6369,3:56,Jake Murray at the Minneapolis City Finals,https://www.instagram.com/tv/BmuGtDahyCr/
197,@ninjawarrior,"Host Allyson Felix recaps all the biggest moments from this week&#x27;s episode, including Najee Richardson&#x27;s run and all the best costumed runs this season.",1,107,2018-08-16T18:34:40,4832,4:24,American Ninja Warrior Weekly: Philly Finals,https://www.instagram.com/tv/BmjMWAyBDJF/
198,@ninjawarrior,Watch Michelle Warnky&#x27;s run from the Philadelphia City Finals.,2,305,2018-08-14T02:00:26,9612,4:07,Michelle Warnky at the Philadelphia City Finals,https://www.instagram.com/tv/BmcERPdBvZa/
199,@ninjawarrior,"Host Allyson Felix recaps all the biggest moments from this week&#x27;s episode, including Isaac Caldiero&#x27;s surprising fail and a crushing new obstacle. Plus, guest Alex Weber crashes the Philly Finals course.",2,114,2018-08-08T20:23:51,6109,4:06,American Ninja Warrior Weekly: Indianapolis Finals,https://www.instagram.com/tv/BmOy3MTBGcl/
200,@ninjawarrior,Watch Kyle Schulze&#x27;s run from the Indianapolis City Finals.,0,92,2018-08-03T23:37:26,3564,4:54,Kyle Schulze at the Indianapolis City Finals,https://www.instagram.com/tv/BmCQ5JJBzmz/
201,@ninjawarrior,Jurassic Ninjas take their run on the course!,5,239,2018-08-03T18:29:16,7817,1:55,Ninja vs Dino,https://www.instagram.com/tv/BmBtCBJlkga/
202,@ninjawarrior,"Host Allyson Felix recaps all the biggest moments from this week&#x27;s episode, including Drew Drechsel&#x27;s and Jessie Graff&#x27;s finals runs! Plus, guest Nikki Lee from ANW Nation shares Kenny Niemitalo&#x27;s touching story.",1,107,2018-08-02T16:46:57,4683,3:55,American Ninja Warrior Weekly: Miami Finals,https://www.instagram.com/tv/Bl-9L4MjLdA/
203,@ninjawarrior,Drew Drechsel takes his shot at the Miami City Finals course.,8,204,2018-07-30T17:39:27,7431,3:24,Drew Drechsel: Miami City Finals,https://www.instagram.com/tv/Bl3UjiSDtYl/
204,@ninjawarrior,"Host Allyson Felix recaps all the biggest moments from this week&#x27;s episode, including Mathis &quot;The Kid&quot; Owhadi&#x27;s first finals run! Plus, check out our Rookie Radar, which breaks down all the new breakout stars.",1,60,2018-07-25T22:41:09,3553,3:25,Ninja Warrior Weekly: Dallas Finals,https://www.instagram.com/tv/Blq_ijnBgU1/
205,@ninjawarrior,Watch Barclay Stockett&#x27;s run from the Dallas City Finals.,6,250,2018-07-23T19:26:08,7239,4:33,Barclay Stockett at the Dallas City Finals,https://www.instagram.com/tv/BllfEqHA_0y/
206,@ninjawarrior,"Host Allyson Felix recaps all the biggest moments from this week’s episode, including Kevin Bull’s dramatic run! Plus, check out Sean Bryan, the Warrior of the Week!",2,65,2018-07-20T19:01:54,3879,3:35,Ninja Warrior Weekly: Los Angeles Finals,https://www.instagram.com/tv/BlbiUG4FvgL/
207,@ninjawarrior,Watch Sean Bryan’s run from the Los Angeles City Finals.,3,77,2018-07-19T17:33:50,3324,3:42,Sean Bryan at the Los Angeles City Finals,https://www.instagram.com/tv/Bla_EJOA8JE/
208,@ninjawarrior,"Host Allyson Felix recaps all the biggest moments from this week’s episode, including Matt and Akbar eating tarantulas! Plus, check out the return of Jake Murray and more!",2,75,2018-07-17T22:25:06,3434,3:44,Ninja Warrior Weekly: Minneapolis Qualifiers,https://www.instagram.com/tv/BlWXAnLle5p/
209,@ninjawarrior,Watch Kevin Bull&#x27;s run from the Los Angeles City Finals.,7,172,2018-07-16T20:50:36,5862,4:11,Kevin Bull at the Los Angeles City Finals,https://www.instagram.com/tv/BlTnXQLnieX/
210,@ninjawarrior,,5,214,2018-07-09T19:29:07,7182,2:17,Eric Middleton Takes On Minneapolis City Qualifiers,https://www.instagram.com/tv/BlBcH-0hBWS/
211,@ninjawarrior,The Ninja Warrior legend returns to compete in American Ninja Warrior 2018.,21,469,2018-06-21T23:34:41,12336,3:50,Jessie Graff Takes On Miami City Qualifiers,https://www.instagram.com/tv/BkTiNXJhzwh/
212,nbcbluffcitylaw,"Are you ready to change the world? Get a first look at #BluffCityLaw, coming to @NBC Monday, September 23.",14,215,N/A,670,2:10,Bluff City Law First Look,https://www.instagram.com/tv/B01fH3XgwB0/
213,nbcbluffcitylaw,"Changing the world is the family business. Jimmy Smits stars in #BluffCityLaw, a powerful new legal drama coming Mondays this fall to @NBC.",7,161,N/A,1082,1:45,"NBC Presents Bluff City Law, Mondays this fall.",https://www.instagram.com/tv/BydG7iuACoU/
214,@nbcbringthefunny,@morganjay sings the song of our people. #BringTheFunny,45,813,2019-08-07T02:58:16,4750,2:51,Comedy Clash: Morgan Jay,https://www.instagram.com/tv/B02MZ8JHoSn/
215,@nbcbringthefunny,It&#x27;s safe to say that @jkstudios&#x27; sketch is making history. ? #BringTheFunny,33,819,2019-08-07T02:55:33,4749,2:20,Comedy Clash: JK! Studios,https://www.instagram.com/tv/B02MF6onPtf/
216,@nbcbringthefunny,"In an epic clash of puppet versus magic, you never know what&#x27;s going to happen. #BringTheFunny",40,792,2019-08-05T20:13:03,5127,4:43,Comedy Clash: Randy Feltface v. Jarred Fell,https://www.instagram.com/tv/B0y4ULOnIzt/
217,@nbcbringthefunny,? for the Mole People. ? for @thevalleyfolk. #BringTheFunny,77,1294,2019-07-31T02:22:54,8428,3:28,Bring The Funny: The Valleyfolk,https://www.instagram.com/tv/B0kGEj3AO0D/
218,@nbcbringthefunny,@tacarracomedy had us at &quot;I don&#x27;t like my kids&quot;. #BringTheFunny,52,1264,2019-07-31T02:11:13,7829,2:08,Bring The Funny: Tacarra Williams,https://www.instagram.com/tv/B0kFCUtgJ9n/
219,@nbcbringthefunny,Our friends @lewberger grace us with their presence. Watch them #BringTheFunny tomorrow at 10/9c. ?,20,918,2019-07-29T19:40:47,9373,2:13,Bring The Funny: Lewberger,https://www.instagram.com/tv/B0gzx_snCaX/
220,@nbcbringthefunny,This whole set. ?? #BringTheFunny,24,758,2019-07-24T03:04:44,7383,2:04,Bring The Funny: @alisiddiq,https://www.instagram.com/tv/B0SKG42hOn2/
221,@nbcbringthefunny,"In the words of @chrissyteigen: we didn&#x27;t know that we wanted it, but now that it&#x27;s gone, we miss it.",27,635,2019-07-24T02:10:08,7126,1:31,Bring The Funny: @handsomenaked,https://www.instagram.com/tv/B0SD5XkB7pq/
222,@nbcbringthefunny,"Hey, Kourtney Kardashian. Looks like we found your doppelgänger! Don&#x27;t miss this epic impersonation tomorrow 10/9c on @NBC.",78,952,2019-07-22T19:49:17,9527,2:11,Bring The Funny: @ajonthemic,https://www.instagram.com/tv/B0Ozjv0BcM_/
223,@nbcbringthefunny,"? WE&#x27;VE GOT SOMETHING NEW FOR YOU. ?

Introducing: our first puppet! See all this wackiness and more tomorrow at 10/9c on #BringTheFunny.",50,1162,2019-07-15T17:14:51,8610,2:21,Bring The Funny: Randy Feltface,https://www.instagram.com/tv/Bz8gMmdnRbw/
224,@nbcbringthefunny,"See if Frangela can #BringTheFunny, premiering July 9 on @NBC.",38,900,2019-06-28T18:13:52,10891,2:09,"? YOUR FIRST LOOK AT BRING THE FUNNY. ? Chrissy loved it, you will too.",https://www.instagram.com/tv/BzQukbXHVv2/
225,@nbcsongland,@aloeblacc&#x27;s new single for Fast &amp; Furious Presents: Hobbs &amp; Shaw was created through the magic of #Songland.,96,2679,2019-07-03T03:01:39,17746,1:56,Aloe Blacc has a brand new song!,https://www.instagram.com/tv/BzcFNw1BUKW/
226,@nbcsongland,Hurt Me by Meghan Trainor &amp; KOLE,57,2418,2019-06-26T23:46:31,15181,3:21,Meghan Trainor's new single is absolutely ?. Hear it first on Songland.,https://www.instagram.com/tv/BzMR2XbnTZe/
227,@nbcsongland,"It&#x27;s all yours, thanks to the magic of Songland.",425,6384,2019-06-19T03:01:56,32534,2:58,Jonas Brothers have a BRAND NEW song.,https://www.instagram.com/tv/By4CDbwhKb3/
228,@nbcsongland,We Need Love - John Legend,246,3738,2019-05-29T03:02:22,20380,2:43,John Legend has a brand-new single and you can hear it on #Songland first!,https://www.instagram.com/tv/ByB9WpbF0zP/
229,nbcsnl,Let’s hear it for @iamsandraohinsta and Emma Thompson! ?,100,24637,N/A,307649,1:13,Guest Actress Emmy Nominee Highlights,https://www.instagram.com/tv/B0YuyMvlK7k/
230,nbcsnl,"? Give it up for Matt Damon, @AdamSandler, @JohnMulaney, and Robert De Niro!",158,22047,N/A,247194,1:34,Guest Actor Emmy Nominee Highlights,https://www.instagram.com/tv/B0TmV4eFFSP/
231,nbcsnl,Leave some ?? in the comments for 2019 Emmy nominee Kate McKinnon!,1519,54274,N/A,440167,1:32,Kate’s Season 44 Highlights,https://www.instagram.com/tv/B0OoBAoFMKh/
232,nbcsnl,@louiezfx talks makeup. Watch the full episode on IGTV! ?,310,20929,N/A,287987,5:39,#CreatingSNL: Makeup,https://www.instagram.com/tv/BzDj4TJFVU1/
233,nbcsnl,The wardrobe team reveals their magic. ?Watch on IGTV?,341,37741,N/A,373386,9:22,#CreatingSNL: Wardrobe,https://www.instagram.com/tv/By8jQOmFmaL/
234,nbcsnl,Click to watch the full episode on IGTV! ?,354,26698,N/A,285572,6:42,#CreatingSNL: Cue Cards,https://www.instagram.com/tv/By3daETlfOd/
235,nbcsnl,"Watch bloopers featuring Ryan Gosling, Kate McKinnon, Donald Glover, Jessica Chastain and more.",10,528,N/A,39593,3:49,Creating SNL: Film Unit Outtakes,https://www.instagram.com/tv/BlY2qm_F2iR/
236,nbcsnl,Go behind the scenes with Louie Zakarian and Jodi Mancuso to see what goes into creating SNL’s weekly looks.,13,412,N/A,31516,4:06,Creating SNL: Hair and Makeup,https://www.instagram.com/tv/BklVjySlo78/
237,nbcsnl,"Aidy Bryant channels her inner Cardi B in “Aidy B & Cardi B” from Season 43 of Saturday Night Live. 
Original Air Date: April 7, 2018

Watch the full sketch: bit.ly/AidyBCardiB",39,950,N/A,75055,0:31,Aidy Bryant’s Instagram Shout-out,https://www.instagram.com/tv/BkQxrz2FzKM/
238,@nbcbrooklyn99,Talk about a speed round! @melissafumero is getting put to the test by Indy 500 driver James Hinchcliffe.,539,128.9k,2019-05-24T21:32:41,532972,1:33,Melissa Fumero Gets Put to the Test!,https://www.instagram.com/tv/Bx3ENAKjbc_/
239,@nbcbrooklyn99,Want to be crowned the ultimate detective-slash-human-slash genius? Here&#x27;s the #Brooklyn99 Halloween Heist 101!,124,8856,2018-10-31T21:17:48,129496,1:28,A Halloween Heist How-To: B99's Tips & Tricks,https://www.instagram.com/tv/BpnL5yJBI2N/
240,@nbcbrooklyn99,No doubt no doubt no doooooubt.,403,10.9k,2018-08-17T13:41:52,127898,1:02,Cool Cool Cool,https://www.instagram.com/tv/BmlQG40hAmk/
241,@nbcbrooklyn99,Check out these highloits!,69,2682,2018-07-24T17:16:57,44846,3:31,Title of Our SDCC Panel Tape,https://www.instagram.com/tv/Bln0tPMHYme/
242,@nbcworldofdance,A routine fit for the World Finals. ?? See how these incredible dancers fare at the #WorldofDance finale TONIGHT 8/7c on @nbc. ?,1067,113.7k,2019-05-05T18:42:49,717970,1:35,LEAKED: Ellie & Ava World Finals Performance - World of Dance,https://www.instagram.com/tv/BxF1qddHc7G/
243,@nbcworldofdance,@derekhough is joined by some familiar faces for a routine you don&#x27;t want to miss! ? It all goes down at World Finals SUNDAY 8/7c on @nbc. ?,3667,186.2k,2019-05-03T18:08:24,1019828,1:39,LEAKED: Derek Hough World Finals Performance - World of Dance,https://www.instagram.com/tv/BxAoEJNHofy/
244,@nbcworldofdance,We DARE you not to cry! ? Catch #WorldofDance SUNDAY 8/7c on @nbc.,3329,215.2k,2019-04-26T16:53:55,2465444,1:41,LEAKED: Unity LA Divisional Finals Performance - World of Dance,https://www.instagram.com/tv/BwudtC8HGSt/
245,@nbcworldofdance,The masks are off when the Upper Teams brave The Cut SUNDAY 8/7c on NBC! ??,634,76.8k,2019-04-19T17:22:15,448583,1:32,LEAKED: The Heima The Cut Performance - World of Dance,https://www.instagram.com/tv/BwcfhlDHM5p/
246,@nbcworldofdance,The margin for error is razor thin in THE CUT! ?? Only half the dancers will make it through when #WorldofDance continues SUNDAY 8/7c on NBC.,2512,150.7k,2019-04-12T16:19:09,1125391,1:32,LEAKED: Briar Nolet The Cut Performance - World of Dance,https://www.instagram.com/tv/BwKW922ANKI/
247,@nbcworldofdance,Who will win in this clash of fierce femininity and mind-bending hip hop?,1137,129.8k,2019-04-05T18:23:28,1398551,2:40,LEAKED: Radiance vs. Main Guys Duels Performance - World of Dance,https://www.instagram.com/tv/Bv4hwOWnzL2/
248,@nbcworldofdance,These young dancers make you look in the mirror and ignite your PASSION! ?,605,102.3k,2019-03-22T17:00:40,1038015,2:29,LEAKED: JDC vs. Dancetown Divas Duels Performance,https://www.instagram.com/tv/BvUWlhTntwA/
249,@nbcworldofdance,This performance is like nothing you&#x27;ve EVER seen before. ??,1336,131.6k,2019-03-01T21:01:19,1153377,1:19,LEAKED: Derion & Madison Qualifiers Performance,https://www.instagram.com/tv/BuetOa-ngMm/
250,@nbcworldofdance,You&#x27;ll have goosies from beginning to end! ?,1593,122.9k,2019-02-19T18:49:17,1129261,1:28,LEAKED: Lauren Yakima Qualifiers Performance,https://www.instagram.com/tv/BuEu8KdnRCH/
251,@nbcworldofdance,Michael Dameski WOWs in this emotional performance.,113,6804,2018-09-11T16:55:00,122649,1:16,World of Dance: Michael Dameski World Finals Performance,https://www.instagram.com/tv/Bnl9-E3Fx2P/
252,@nbcworldofdance,A broken toe didn’t stop this duo from lighting up the stage. ?,88,9936,2018-09-04T17:53:42,175661,1:27,World of Dance: Charity and Andres Divisional Finals Performance,https://www.instagram.com/tv/BnUDDu8FZ0U/
253,@nbcworldofdance,This duo tells a stunning love story with their original choreography and stunning moves.,215,17.6k,2018-08-28T16:55:18,259866,1:28,World of Dance: Sean and Kaycee Cut Performance,https://www.instagram.com/tv/BnB63Y3F84F/
254,@nbcworldofdance,What a happening! This hot duo slowed it down and heated up the stage.,75,5272,2018-08-27T16:51:41,107656,3:38,World of Dance: Karen y Ricardo Cut Performance,https://www.instagram.com/tv/Bm_Vfudl0ZE/
255,@nbcworldofdance,Michael Dameski stuns in his emotional tribute to his beloved grandparents.,103,7229,2018-08-21T19:38:51,120203,1:34,World of Dance: Michael Dameski Cut Performance,https://www.instagram.com/tv/BmwMBZDlxlF/
256,@nbcworldofdance,Ashley and Zack give you a front row seat to their emotional performance.,15,1690,2018-08-17T21:46:34,68728,0:28,World of Dance: Ashley and Zack Front Row Duels Performance,https://www.instagram.com/tv/BmmHdqWFFvI/
257,@nbcworldofdance,These two all male groups brought passion and heat to the stage in a can’t- miss duel.?,34,2908,2018-08-14T18:10:28,69437,2:29,World of Dance: Embodiment + Brotherhood Duels Performance,https://www.instagram.com/tv/BmeARYMFfJj/
258,@nbcworldofdance,Jaxon Willard beautifully tells a deeply personal story with stunning grace and power.,68,4033,2018-08-13T17:14:24,78221,3:47,World of Dance: Jaxon Willard Duels Performance,https://www.instagram.com/tv/BmbUfrGFz-m/
259,@nbcworldofdance,These two Upper Teams left it all on the dance floor. ?,41,3038,2018-08-07T16:41:13,86908,2:36,World of Dance: Poreotics + Marissa and the Heartbreakers Duels Performance,https://www.instagram.com/tv/BmL0dBBl8qc/
260,@nbcworldofdance,This Duel is like NOTHING you’ve ever seen before. ??,61,3671,2018-07-31T18:30:40,95416,2:23,World of Dance: Charity & Andres v. Vivian Ruiz Duels Performance,https://www.instagram.com/tv/Bl5_TjBhK1Q/
261,@nbcworldofdance,"Karen y Ricardo are bringing their signature turns, energy and passion to their Duel. ??",97,3571,2018-07-25T18:51:32,85031,1:21,World of Dance: Karen y Ricardo Duels Performance,https://www.instagram.com/tv/BlqlCvYBBFB/
262,@nbcworldofdance,Victoria Caban has that fierce flamenco fire. ?,16,1339,2018-07-23T19:38:58,50846,1:12,World of Dance: Victoria Cavan Qualifiers Performance,https://www.instagram.com/tv/Bllg2MSnzej/
263,@nbcworldofdance,Marinspired teams up for a beautifully passionate performance. ?,70,4111,2018-07-16T17:24:24,85208,1:00,World of Dance: Marinspired Qualifiers Performance,https://www.instagram.com/tv/BlTP_GVDel2/
264,@nbcworldofdance,Ashley and Zack bring the heat and light up the stage.?,56,3987,2018-07-13T00:21:29,72981,1:00,World of Dance: Ashley and Zack Qualifiers Performance,https://www.instagram.com/tv/BlJsjWXnHbB/
265,@nbcworldofdance,Incredible performance from unspeakable tragedy. ?,101,6296,2018-07-09T16:33:22,156935,1:13,LEAKED: World of Dance: The Rock Company Qualifiers Performance,https://www.instagram.com/tv/BlBIeoYlIDl/
266,@nbcworldofdance,Fabulous Sisters bring passion and intensity to their World of Dance debut. ?,13,2239,2018-07-06T17:26:28,59619,1:10,World of Dance: Fabulous Sisters Qualifiers Performance,https://www.instagram.com/tv/Bk5gJMel0YN/
267,@nbcworldofdance,Karen y Ricardo stun in this epic performance. ?,71,3505,2018-07-05T17:13:46,70296,1:11,World of Dance: Karen y Ricardo Qualifiers Performance,https://www.instagram.com/tv/Bk257IZl1Bz/
268,@nbcworldofdance,"When Charity and Andres took the stage, the judges were on their feet!",112,8343,2018-07-02T20:17:08,113258,1:07,World of Dance: Charity and Andres Qualifiers Performance,https://www.instagram.com/tv/BkvgieCj6n5/
269,@nbcworldofdance,Michael Dameski pours out his heart through dance and has our judges in awe. ?,89,4867,2018-06-28T18:54:49,76999,1:16,World of Dance: Michael Dameski Qualifiers Performance,https://www.instagram.com/tv/BklD6w3lLiq/
270,@nbcworldofdance,Jennifer Lopez’s backup dancer makes his mark!,60,3380,2018-06-25T16:46:16,69105,0:59,LEAKED: World of Dance: Embodiment Qualifiers Performance,https://www.instagram.com/tv/BkdGt3FFvnV/
271,@nbcworldofdance,Eva Igo’s explosive return to World of Dance!,70,3638,2018-06-22T00:40:37,78819,1:09,World of Dance: Eva Igo Qualifiers Performance,https://www.instagram.com/tv/BkTqFgSl4Kp/
272,nbcthegoodplace,"But here's the thing, my little chili babies. These are the highlights from #TheGoodPlace #SDCC panel!",139,22146,N/A,115032,14:05,The Good Place SDCC Panel 2019,https://www.instagram.com/tv/B0RVJaThAAm/
273,nbcthegoodplace,No #TheGoodPlace Season 3 Gag Reel. ONLY #THEBADPLACE GAG REEL.,399,37937,N/A,189776,8:46,The Good Place Season 3 Gag Reel,https://www.instagram.com/tv/B0JqZbVnmLl/
274,nbcthegoodplace,Remember that one reboot where Jason figured out it was the Bad Place? ? #TheGoodPlace,2,265,N/A,2269,0:53,"Jason: Your Sweetest, Dumbest Friend",https://www.instagram.com/tv/BzeQJemBQiA/
275,nbcthegoodplace,"Every time someone says ""This is the Bad Place"", Eleanor from #TheGoodPlace realizes one (1) thing.",248,43649,N/A,296532,1:10,All of Eleanor's Realizations,https://www.instagram.com/tv/BzOIw2ghjkl/
276,nbcthegoodplace,,318,35950,N/A,165735,1:27,#TheGoodPlace is the feel good moments we experienced along the way. ??,https://www.instagram.com/tv/ByiXifzBh1k/
277,nbcthegoodplace,"Oh, really, Tahani? You know someone famous? It's not at all like you to name-drop.",6,2593,N/A,76806,1:37,Tahani's Humblebrags,https://www.instagram.com/tv/BxkkIs8hyVp/
278,nbcthegoodplace,Janet and Jason: The soul mates that were never meant to be.,107,13509,N/A,458298,1:06,Our Favorite Ride-or-Die Couple,https://www.instagram.com/tv/Bub3r-GA9gx/
279,nbcthegoodplace,I'm not forkin' crying! You're forkin' crying!,85,2970,N/A,62577,1:38,Eleanor and Chidi: A Love Story,https://www.instagram.com/tv/Bt4DYzfAoX-/
280,nbcthegoodplace,"Artificially intelligent, naturally hilarious. Check out Janet's (D'Arcy Carden) finest moments.",93,5022,N/A,113695,1:39,Janet's Finest Moments - The Good Place (Mashup),https://www.instagram.com/tv/BsgPevHhbbZ/
281,nbcthegoodplace,"Take a behind the scenes look at what went into the making of ""Janet(s)"" with D’Arcy Carden!",66,3172,N/A,81377,1:24,Behind The Scenes Of “Janet(s)”,https://www.instagram.com/tv/BrIkGonhntM/
282,nbcthegoodplace,"Marc Evan Jackson, Manny Jacinto, Jen Statsky, and Andrew Law play a little game after the season 3 premiere of The Good Place",5,424,N/A,20150,9:32,Get To Know The Good Place,https://www.instagram.com/tv/BoSbvYBBB-m/
283,nbcthegoodplace,"We spilled the tea, sweethearts. ? Here are a couple clues we left you humans from The Good Panel at San Diego Comic-Con!",12,537,N/A,10365,8:14,The Good Panel at SDCC 2018,https://www.instagram.com/tv/Bln2OX0F2jQ/
284,@nbcsvu,"Whether he&#x27;s busting perps or keeping the squad on its toes, Fin (Ice T) always plays by his own rules.",3,213,2019-05-01T16:51:54,4719,1:19,10 Times Fin Flipped the Script - Law & Order: SVU,https://www.instagram.com/tv/Bw7VnHolurB/
285,@nbcsuperstore,,123,5884,2019-08-08T20:50:48,20293,2:39,Cheyenne + Mateo = Chateo ?,https://www.instagram.com/tv/B06sA_9FfV9/
286,@nbcsuperstore,No ? More ? Excuses ?,31,1407,2019-03-12T18:23:58,87710,3:22,Shutting Down 9 Reasons You Haven’t Watched Superstore,https://www.instagram.com/tv/Bu6wuWiBbtN/
