,ig_handle,igtv_code,title,url,video_length,views,comment_count,likes,caption,upload_date
0,fallontonight,B1CVdPYAHFZ,Jimmy & @postmalone sing Irish folk song “Seven Drunken Nights”,https://www.instagram.com/tv/B1CVdPYAHFZ/,2:32,428391,993,65.3k,,2019-08-11
1,fallontonight,B07h0uZAeDv,Ron Burgundy (Will Ferrell) has beef with Shawn Mendes,https://www.instagram.com/tv/B07h0uZAeDv/,6:21,787796,1051,91.1k,,2019-08-09
2,fallontonight,B06EsQWANWw,Jimmy and @queereye’s Fab Five ride The BEAST,https://www.instagram.com/tv/B06EsQWANWw/,2:42,750226,1673,81.2k,"Jimmy takes @queereye’s Fab Five on The BEAST, a jet-powered speed boat ride that’s like a rollercoaster on the Hudson River",2019-08-08
3,fallontonight,B02Pb8-gNXY,Jimmy & @postmalone go head-to-head in Beer Pong,https://www.instagram.com/tv/B02Pb8-gNXY/,1:52,1433864,2352,171.7k,,2019-08-07
4,fallontonight,B0zn7TMAxpn,Cue Card Cold Read w/ @juliannemoore,https://www.instagram.com/tv/B0zn7TMAxpn/,2:49,540249,640,55.1k,Jimmy and @juliannemoore revisit an improv-style commercial they starred in back in the &#x27;90s during their little-known law careers.,2019-08-06
5,fallontonight,B0zEwGqActm,Jimmy addresses the El Paso and Dayton tragedies,https://www.instagram.com/tv/B0zEwGqActm/,1:06,1072142,2748,161.3k,,2019-08-05
6,fallontonight,B0lc_DhA8Mj,We Test How Well @QueerEye’s Fab Five Know Each Other,https://www.instagram.com/tv/B0lc_DhA8Mj/,7:03,1573509,1713,96.9k,"@QueerEye’s Fab Five reveal how they know when @jvn is cranky, the dumbest thing @tanfrance has done and the hardest @antoni has laughed",2019-07-31
7,fallontonight,B0eOQACgKC5,#SummerSongs with @camila_cabello,https://www.instagram.com/tv/B0eOQACgKC5/,6:00,1865111,1127,155.3k,#Summertime #TB to @camila_cabello and @theroots helping Jimmy sing his favorite #SummerSongs tweets,2019-07-28
8,fallontonight,B0Yl2juAup0,Summer Science with Resident Science Expert Kevin Delaney,https://www.instagram.com/tv/B0Yl2juAup0/,6:17,887032,238,57.3k,Kevin Delaney shows Jimmy how to roast a marshmallow with a firework &amp; more!,2019-07-26
9,fallontonight,B0Pr-kcgNd8,Wheel of Opinions with @davidspade,https://www.instagram.com/tv/B0Pr-kcgNd8/,2:59,1137121,794,97.5k,Jimmy challenges @davidspade to give opinions on the spot about randomly generated topics,2019-07-23
10,fallontonight,B0GkOfBAc_U,Mad Lib Theater With @Kenanthompson And @Joemanganiello,https://www.instagram.com/tv/B0GkOfBAc_U/,2:43,507733,316,45.9k,"Jimmy, @kenanthompson and @joemanganiello perform a sportscasting scene they wrote together using Mad Lib words",2019-07-19
11,fallontonight,Bz_FmumAAl8,Jimmy and @stephenathome Perform the “NeverEnding Story” Duet,https://www.instagram.com/tv/Bz_FmumAAl8/,1:30,896647,1896,107.8k,Jimmy and @stephenathome recreate the @strangerthingstv “NeverEnding Story” duet,2019-07-16
12,fallontonight,Bz6IP48gE26,@jackblack gives us a taste of the Sax-A-Boom,https://www.instagram.com/tv/Bz6IP48gE26/,1:01,2280686,4817,330.9k,Jack Black performs the legendary Sax-A-Boom toy instrument that he made famous by playing at the Tenacious D shows.,2019-07-14
13,fallontonight,BzoVW0DAfBt,@maroon5 Performs in an NYC Subway in Disguise,https://www.instagram.com/tv/BzoVW0DAfBt/,3:28,1085834,2455,135k,Jimmy and @maroon5 put on disguises and give a surprise performance of &quot;Crazy Little Thing Called Love&quot; and &quot;Sugar&quot; in a New York City subway station.,2019-07-07
14,fallontonight,BzeH_Zmg8_i,@postmalone took Jimmy to Olive Garden,https://www.instagram.com/tv/BzeH_Zmg8_i/,6:51,1675277,2460,143.1k,"Jimmy had never tried Olive Garden before, so @postmalone took him to experience his favorite restaurant the right way. #tb",2019-07-03
15,fallontonight,BzEDQISA4u6,"Jimmy Freaks Out Riding Puerto Rico's ""Monster"" Zip Line",https://www.instagram.com/tv/BzEDQISA4u6/,3:06,1009185,1593,81k,"Jimmy and @blackthought strap on GoPro cameras and take on El Monstruo, the world&#x27;s second-longest zip line in Puerto Rico.",2019-06-23
16,fallontonight,By4E3cxgR2z,@andybovine and Jimmy Are “Torn” About Each Other,https://www.instagram.com/tv/By4E3cxgR2z/,2:16,1338980,816,98.9k,"Adam Devine is torn that Jimmy hasn’t watched his Netflix special &quot;Best Time of Our Lives&quot; yet, but Jimmy is torn that Adam hasn&#x27;t seen “Fever Pitch”",2019-06-19
17,fallontonight,ByslBPwASRy,True Confessions with @chrishemsworth and @kumailn.,https://www.instagram.com/tv/ByslBPwASRy/,6:40,1610070,1079,128.6k,"Jimmy, @chrishemsworth and @kumailn interrogate each other in True Confessions.",2019-06-14
18,fallontonight,ByqGnAiAqkb,Know Your Bro with @jonasbrothers!,https://www.instagram.com/tv/ByqGnAiAqkb/,5:33,1985055,928,152.1k,@jonasbrothers reveal they had a few run-ins with the police at @joejonas’ bachelor party in Know Your Bro.,2019-06-13
19,fallontonight,ByStMsxgiUH,Robert Irwin and Jimmy Bottle Feed a Baby Miniature Horse,https://www.instagram.com/tv/ByStMsxgiUH/,4:12,1252684,1963,134.9k,@robertirwinphotography brings some animals to show Jimmy including a miniature horse and a mandrill monkey.,2019-06-04
20,fallontonight,Bxz39Fug4v2,@robertirwinphotography’s millipede is named after @milliebobbybrown.,https://www.instagram.com/tv/Bxz39Fug4v2/,2:10,1563565,562,112.8k,Millie Bobby Brown talks visiting Robert Irwin in Australia and the millipede named after her.,2019-05-23
21,fallontonight,BxwH7TOABBP,@KevinHart4Real’s Dance Floor Fail,https://www.instagram.com/tv/BxwH7TOABBP/,2:45,1235047,1975,144.7k,Kevin Hart explains why his shoes were to blame for a hilarious fall he took at a friend&#x27;s wedding!,2019-05-22
22,fallontonight,BxtWJ8Vg_gC,@JBalvin On How He Ended Up On-Stage With Beyoncé,https://www.instagram.com/tv/BxtWJ8Vg_gC/,3:02,1310366,927,89.7k,J Balvin on how he ended up on stage with Beyoncé at Coachella and why he&#x27;ll only sing in Spanish on his Arcoiris tour,2019-05-21
23,fallontonight,BxeEQQKg4ao,Maluma Explains the Origin of His Name and Relives The Met Gala,https://www.instagram.com/tv/BxeEQQKg4ao/,3:38,2642991,2996,166.9k,Maluma explains how he incorporated his family into his stage name and reveals what it was like to spend a night with Katy Perry at the Met Gala.,2019-05-15
24,fallontonight,BxTk-R7HbCM,Amirah Kassem Shows Jimmy How to Make a Sprinkle-Filled Explosion Cake,https://www.instagram.com/tv/BxTk-R7HbCM/,2:41,2336234,1309,121.8k,Flour Shop owner Amirah Kassem shows Jimmy and Questlove how to make the signature rainbow explosion cakes.,2019-05-11
25,fallontonight,BxRIzNVnplH,Compare Pokémon with The Roots’ Tarik Trotter,https://www.instagram.com/tv/BxRIzNVnplH/,2:28,869230,1716,81k,The Roots’ Tarik Trotter lists every Pokémon he’s caught,2019-05-10
26,fallontonight,BxOnzLBnctq,Rita Ora and Lizzo Spent the Met Gala Flirting with Waiters & Singing Cher,https://www.instagram.com/tv/BxOnzLBnctq/,2:35,1061904,265,70k,Rita Ora talks about her experience at the Met Gala with Lizzo as her date.,2019-05-09
27,fallontonight,BwvqWijHDPf,“Two Stings on the Moon”,https://www.instagram.com/tv/BwvqWijHDPf/,3:00,913263,1281,103.9k,"Sting and Jimmy are “Two Stings on the Moon” in a parody of the classic, “Walking on the Moon” by The Police.",2019-04-27
28,fallontonight,BwqkXKSnMAB,Beat Saber with Brie Larson,https://www.instagram.com/tv/BwqkXKSnMAB/,3:59,1688923,1707,134.9k,"Brie Larson and Jimmy play Beat Saber, a virtual reality game where players slash targets to the beat of the music!",2019-04-25
29,fallontonight,Bwn8ehtniTf,Alex Rodriguez and Jimmy Crash a Hip-Hop Dance Class,https://www.instagram.com/tv/Bwn8ehtniTf/,3:36,949952,1820,96.7k,Jimmy brings Alex Rodriguez to a dance studio in NYC where they crash a hip-hop class and learn a routine!,2019-04-24
30,fallontonight,Bwlb-O9neWF,Avengers: Endgame Cast Sings “We Didn’t Start the Fire”,https://www.instagram.com/tv/Bwlb-O9neWF/,1:56,1535478,6595,226k,It’s an Avengers mash-up of the past decade!,2019-04-23
31,fallontonight,BwduQiSHdgj,Pete Buttigieg is the Avocado Toast of Democrats,https://www.instagram.com/tv/BwduQiSHdgj/,2:40,38620,13,507,,2019-04-20
32,fallontonight,Bvrq3aeAYBX,Musical Beers with The Chainsmokers and 5 Seconds of Summer,https://www.instagram.com/tv/Bvrq3aeAYBX/,4:15,968281,469,62.4k,"The Chainsmokers, 5 Seconds of Summer, and Jimmy face off in a game of Musical Beers!",2019-03-31
33,fallontonight,BvhzEg1HM_z,Mark Ruffalo Gets Hooked Up to a Lie Detector,https://www.instagram.com/tv/BvhzEg1HM_z/,3:06,2000185,1320,122k,@MarkRuffalo must answer questions about @Avengers: Endgame while hooked up to a lie detector #FallonTonight,2019-03-27
34,fallontonight,BvS1FtxHI1x,Shaq Bracket: March Madness 2019,https://www.instagram.com/tv/BvS1FtxHI1x/,1:21,548312,380,30.3k,&quot;Shaq&quot; creates a very special bracket for March Madness.,2019-03-22
35,fallontonight,BvPMEEfgHiv,Hey World! with Aidy Bryant,https://www.instagram.com/tv/BvPMEEfgHiv/,2:01,944107,271,58.1k,Jimmy and Aidy Bryant shout their deepest confessions and insecurities to the whole world!,2019-03-20
36,fallontonight,BuKrRpRANRA,"Sneak Peek: Behind-The-Scenes of #FallonTonight on Monday, 2/25",https://www.instagram.com/tv/BuKrRpRANRA/,0:53,173861,44,1947,"Tina Fey is appearing on “The Tonight Show” to promote her new comedy “Wine Country,” and for some reason she is upset with Jimmy. Jimmy, on the other hand, has no idea what she’s upset about. #NoFlipping",2019-02-22
37,fallontonight,BuF35i7AA7S,Bernie Sanders Announces His 2020 Presidential Run,https://www.instagram.com/tv/BuF35i7AA7S/,2:30,846943,1540,71.6k,Bernie Sanders announces that he is running for president again in 2020 with a special message.,2019-02-20
38,fallontonight,BtxZc0sHsfR,Adam Sandler Serenades Jimmy for The Tonight Show's Fifth Anniversary,https://www.instagram.com/tv/BtxZc0sHsfR/,1:57,350711,212,8320,"Adam Sandler sings &quot;My Jimmy Fallontine,&quot; a parody of &quot;My Funny Valentine&quot; he wrote in honor of The Tonight Show&#x27;s fifth anniversary.",2019-02-12
39,fallontonight,BsZy5qshBRr,"Peter and His Heckler - ""Escape (The Piña Colada Song)"" with Andy Samberg",https://www.instagram.com/tv/BsZy5qshBRr/,4:12,378653,373,9533,Peter (Jimmy) tries to sing &quot;Escape (The Piña Colada Song)&quot; but keeps getting interrupted by a heckler (Andy Samberg).,2019-01-09
40,fallontonight,BpvYyNnHZoW,Try Not to Laugh Challenge with Benedict Cumberbatch,https://www.instagram.com/tv/BpvYyNnHZoW/,3:50,1087006,931,37k,Benedict Cumberbatch and Jimmy go head-to-head taking turns watching funny Internet videos and trying not to laugh.,2018-11-04
41,fallontonight,BpSLCYBHSiV,Wheel of Musical Impressions with Melissa Villaseñor,https://www.instagram.com/tv/BpSLCYBHSiV/,5:48,438770,228,13k,Jimmy challenges Saturday Night Live&#x27;s Melissa Villaseñor to a game of random musical impressions like Gwen Stefani singing &quot;Three Blind Mice&quot; and Post Malone singing &quot;Itsy Bitsy Spider.&quot;,2018-10-23
42,fallontonight,Bosw0Xzh0Xg,"Jimmy, Shawn Mendes & The Roots ""Treat You Better"" (Classroom Instruments)",https://www.instagram.com/tv/Bosw0Xzh0Xg/,2:55,248556,357,9993,Shawn Mendes joins Jimmy and The Roots to perform his hit &quot;Treat You Better&quot; with classroom instruments.,2018-10-09
43,fallontonight,Boeu_UQnUPH,?????Post Malone Takes The Jump Scare Dare Challenge?????,https://www.instagram.com/tv/Boeu_UQnUPH/,2:19,173962,128,4032,Post Malone is challenged to keep his cool as he watches a few videos with jump scares hidden somewhere in them.,2018-10-03
44,fallontonight,BoNQxN2H2V7,Kevin Hart Is Terrified of Robert Irwin's Animals,https://www.instagram.com/tv/BoNQxN2H2V7/,14:38,258635,407,12.1k,"Kevin Hart struggles to keep his fear in check as Robert Irwin, 14-year-old son of Crocodile Hunter Steve Irwin, brings out some interesting animals to show him and Jimmy, including some kingsnakes, a tarantula and a falcon.",2018-09-26
45,fallontonight,Bn9Mbznn5lP,Jimmy Fallon and Kevin Hart Go Back to High School,https://www.instagram.com/tv/Bn9Mbznn5lP/,5:06,138080,113,4772,,2018-09-20
46,fallontonight,BmKljeCFKDC,Pup Quiz with Glenn Close and Finn Wolfhard,https://www.instagram.com/tv/BmKljeCFKDC/,7:22,59475,37,1790,Glenn Close and Finn Wolfhard go head-to-head in a trivia game where the winner of each round gets a puppy to snuggle.,2018-08-07
47,fallontonight,BmJPC6-l5Bq,"""Ew!"" with Britney Spears",https://www.instagram.com/tv/BmJPC6-l5Bq/,5:12,126643,83,2640,Jimmy Fallon shows a clip from &quot;Ew!&quot; in which Sara and her camp BFF Abby (Britney Spears) show each other Throwback Thursday Instagram photos and play Fashion Freeze.,2018-08-06
48,fallontonight,Bkl-fYXDxqF,"Jimmy, Backstreet Boys & The Roots Sing ""I Want It That Way""",https://www.instagram.com/tv/Bkl-fYXDxqF/,2:44,247251,679,9609,"@BackstreetBoys join @JimmyFallon and The Roots to perform their hit &quot;I Want It That Way&quot; with classroom instruments. 
See the full instrument list below:

Brian Littrell - Vocals, Apple Shaker, Wood Block
Nick Carter - Vocals, Tambourine
Kevin Richardson - Vocals, Güiro
AJ McLean - Vocals, Maraca
Howie Dorough - Vocals, Coconuts 
Jimmy Fallon - Vocals, Bass Drum, Casio Keyboard, Apple Shaker
Questlove - Hand clappers 
Kamal Gray - Xylophone
James Poyser - Melodica
Captain Kirk - Ukulele
Tuba Gooding Jr. - Kazoo, Apple Shaker
Mark Kelley - Kazoo
Stro - Bongos
Black Thought - Triangle",2018-06-29
49,fallontonight,BklX98sD6La,Pete Davidson Confirms His Engagement To Ariana Grande,https://www.instagram.com/tv/BklX98sD6La/,8:07,103506,53,2600,SNL’s Pete Davidson talks about how weird it is how much people care about his engagement to Ariana Grande.,2018-06-28
50,fallontonight,BkThzo1j82q,Jimmy Fallon & NBA Draft Stars '90s Sitcom Theme,https://www.instagram.com/tv/BkThzo1j82q/,1:07,100684,47,1488,"@JimmyFallon and stars of the 2018 #NBADraft join forces for a TGIF-style opening credits, with an original theme song, &quot;Play-by-Play&quot; written and performed by Jesse Frederick (who sang the themes to &quot;Full House,&quot; &quot;Family Matters&quot; and &quot;Perfect Strangers&quot;). Full lyrics below:

Sometimes you wonder
“Am I ever going to get my break”
But you’re the real deal, you never fake it…
You know you’re going to make it!

Even when the game’s a ‘foul out’
If coach never seems to look your way
There’s no shame, you keep your head in the game…
Tomorrow everybody’s gonna’ know your name!

Play By Play
Nothing’s going to stand in your way
The shot at buzzer
No worries, no sweat
As long as you ‘believe’
It’s going nothing but net

Play By Play
Never looking back… to yesterday

Oh…
Moving off the sideline
Taking your shot
It’s a slam dunk you’re headed…
Straight to the top…",2018-06-21
51,fallontonight,BkQVfFUhEZa,Box of Lies with Chris Pratt,https://www.instagram.com/tv/BkQVfFUhEZa/,5:40,343684,192,10.4k,Chris Pratt and Jimmy Fallon take turns trying to stump each other about what items are hidden inside their mystery boxes. #FallonTonight #FallenKingdom #BoxOfLies,2018-06-20
52,agt,B0_RD72Bkll,#AGT live shows begin TUESDAY 8/7c on @NBC.,https://www.instagram.com/tv/B0_RD72Bkll/,2:08,53011,224,12561,Take a look at who’s performing night 1!,
53,agt,B09BgHLhOJt,Always remember the golden moments.,https://www.instagram.com/tv/B09BgHLhOJt/,1:30,111668,210,21943,Which #GoldenBuzzer was your favorite? ??,
54,agt,B02BbbehcFc,@ecsleights blew our minds and possibly stole our wallets. ?? #JudgeCuts,https://www.instagram.com/tv/B02BbbehcFc/,5:53,106219,223,21521,,
55,agt,B02AOPNBxti,"Meet Jay Leno’s Golden Buzzer, @emannebeasha.",https://www.instagram.com/tv/B02AOPNBxti/,5:08,204120,681,42377,"There’s no phantoms at this opera, only standing ovations! #JudgeCuts",
56,agt,B018q6ChtgF,No one could’ve predicted @marina_mazepa’s shocking performance! ?,https://www.instagram.com/tv/B018q6ChtgF/,4:41,143200,216,27125,#JudgeCuts,
57,agt,B0qsx4uBZog,@beniciobryant steps up with the perfect original song for #JudgeCuts!,https://www.instagram.com/tv/B0qsx4uBZog/,2:45,141904,486,33982,#AGT continues TUESDAY 8/7c on @NBC.,
58,agt,B0j9gpSHex8,@LBKidsOfficial lit it up and punched their golden ticket to lives!,https://www.instagram.com/tv/B0j9gpSHex8/,7:15,140603,325,26678,#JudgeCuts,
59,agt,B0j79ZEnGcX,It’s just a matter of time until you see @AnsleyBurns’ name in lights!,https://www.instagram.com/tv/B0j79ZEnGcX/,5:59,243805,540,42794,#JudgeCuts,
60,agt,B0j3NKiHO_9,How many movies can you name from @gregmortoncomic’s performance?,https://www.instagram.com/tv/B0j3NKiHO_9/,3:36,120773,311,27819,#JudgeCuts,
61,agt,B0gi-ZtB4Xt,"@elliekemper is guest judging this week, and we think she’s pretty ?.",https://www.instagram.com/tv/B0gi-ZtB4Xt/,1:32,78073,68,12490,,
62,agt,B0YsL7GhUek,@Duplaotempooficial are having a good time on their way UP!,https://www.instagram.com/tv/B0YsL7GhUek/,3:49,103615,137,16877,@elliekemper joins us for the third round of #JudgeCuts TUESDAY 8/7c on @NBC.,
63,agt,B0R-fZiBUq4,"No sitting, just rockin’ and rollin’! #JudgeCuts",https://www.instagram.com/tv/B0R-fZiBUq4/,4:12,91721,199,16288,,
64,agt,B0R75mvhIbt,@v.unbeatable_official_india defies gravity!,https://www.instagram.com/tv/B0R75mvhIbt/,8:12,250468,1215,54310,@dwyanewade hits his Golden Buzzer to send them straight to live shows! #JudgeCuts,
65,agt,B0R6eTEBaNn,@AlexDowisArt honors the mission to the moon in this moving performance!,https://www.instagram.com/tv/B0R6eTEBaNn/,5:00,115344,190,20387,#JudgeCuts,
66,agt,B0R14MtBMTr,What do you think @birkhalsagroup’s batting average is? ? #JudgeCuts,https://www.instagram.com/tv/B0R14MtBMTr/,3:52,77285,237,13623,,
67,agt,B0JkotihQP5,"@dwyanewade gets personal about basketball, home life, and #AGT.",https://www.instagram.com/tv/B0JkotihQP5/,3:47,71841,47,9994,,
68,agt,B0JJXXXBpk0,@birkhalsagroup is taking ice-breakers to a whole new level! ?,https://www.instagram.com/tv/B0JJXXXBpk0/,3:52,172388,334,27677,@dwyanewade joins the panel for the second round of #JudgeCuts TUESDAY 8/7c on @nbc.,
69,agt,B0GkTP8hZ9K,"@dwyanewade is a basketball superstar, but what kind of judge will he be?",https://www.instagram.com/tv/B0GkTP8hZ9K/,1:29,66561,,11127,Tune in TUESDAY 8/7c on @NBC to find out!,
70,agt,Bz_-P6KhNDP,No sleep? No problem! #JudgeCuts,https://www.instagram.com/tv/Bz_-P6KhNDP/,5:04,194545,795,36425,,
71,agt,Bz_8w8RjdOV,@ChrisKlafford breaks out an incredible original song for #JudgeCuts.,https://www.instagram.com/tv/Bz_8w8RjdOV/,3:13,133788,442,22403,,
72,agt,Bz_7eccDROe,All our emotions got caught in @circusspinner’s dreamcatcher. #JudgeCuts,https://www.instagram.com/tv/Bz_7eccDROe/,5:06,127620,410,20680,,
73,agt,Bz_563wDt2_,@BradPaisley is sending @SophiePecora to lives!,https://www.instagram.com/tv/Bz_563wDt2_/,7:01,185680,,34512,We think that’s pretty rad. ? #JudgeCuts,
74,agt,Bz8ii-UF_Dv,@SimonCowell invites YOU to watch the first 10 minutes of Judge Cuts!,https://www.instagram.com/tv/Bz8ii-UF_Dv/,10:46,134428,184,25973,Don't miss @BradPaisley's first-ever Golden Buzzer TOMORROW 8/7c on @NBC.,
75,agt,Bz8gPJKFbn6,@SimonCowell invites YOU to watch the first 10 minutes of Judge Cuts!,https://www.instagram.com/tv/Bz8gPJKFbn6/,10:46,18075,41,4068,Don't miss @BradPaisley's first-ever Golden Buzzer TOMORROW 8/7c on @NBC.,
76,agt,Bz33l4YBu7r,Find out what kind of judge @BradPaisley will be!,https://www.instagram.com/tv/Bz33l4YBu7r/,3:00,64866,41,11176,The first round of #JudgeCuts begins Tuesday 8/7c on NBC.,
77,agt,Bz1bR5xBQ0T,The lost @bradpaisley audition tape has leaked! ?,https://www.instagram.com/tv/Bz1bR5xBQ0T/,2:57,119981,104,18149,,
78,agt,Bz0wdFpBc1W,We live for these extraordinary Golden Buzzer moments. ??,https://www.instagram.com/tv/Bz0wdFpBc1W/,1:34,100527,90,19017,,
79,agt,Bzt_GhKBnqA,@thelukeislam had a dream. @juleshough made it come true. #AGT,https://www.instagram.com/tv/Bzt_GhKBnqA/,8:16,256740,1084,49831,,
80,agt,Bzt5rLJBgWn,The man. The beard. The voice. ? #AGT,https://www.instagram.com/tv/Bzt5rLJBgWn/,6:14,198844,851,39178,,
81,agt,Bzi1HQyB6ID,@robertfinleymusic has his sights set on stardom! #AGT is all-new TUESDAY!,https://www.instagram.com/tv/Bzi1HQyB6ID/,6:24,110005,173,18893,,
82,agt,Bzb9qe8hQcp,@kodileerocks was born to entertain...and maybe make everyone cry. ??,https://www.instagram.com/tv/Bzb9qe8hQcp/,8:14,278888,1065,54571,,
83,agt,Bzb7CcehHY-,Even @itsjosephallen’s smile is Golden Buzzer worthy! ? #AGT,https://www.instagram.com/tv/Bzb7CcehHY-/,9:28,122133,237,23084,,
84,agt,Bzb43c7hrgI,Light up shoes. Knock out talent! @tylerbutlerfigueroaviolinist wows #AGT,https://www.instagram.com/tv/Bzb43c7hrgI/,8:00,191495,802,41342,,
85,agt,BzbzEfZhAOe,THIS is their moment! ?,https://www.instagram.com/tv/BzbzEfZhAOe/,9:34,100344,160,17786,,
86,agt,BzJ4KUmBTh-,@emannebeasha’s voice is stunning! No magic ice cream required! ?? #AGT,https://www.instagram.com/tv/BzJ4KUmBTh-/,3:29,349044,,49946,,
87,agt,BzJvhqThidR,Do not ask @sideshowopera to pass the silverware. ?? #AGT,https://www.instagram.com/tv/BzJvhqThidR/,7:32,118627,124,19339,,
88,agt,BzD2I-fhNcf,@izzyandeaston are absolutely captivating! ? #AGT,https://www.instagram.com/tv/BzD2I-fhNcf/,4:01,839428,1360,101206,,
89,agt,By-mjvKBggK,Out of the shadows comes a story of love. @VerbaShadow wows Tuesday on #AGT,https://www.instagram.com/tv/By-mjvKBggK/,5:31,197295,669,36513,,
90,agt,By36dqTBG1l,The ceiling can’t hold @terrycrews’ Golden Buzzer! ?? #AGT,https://www.instagram.com/tv/By36dqTBG1l/,9:34,301852,1459,55359,,
91,agt,By3z8kSBteV,WOW! @ademshow just defied the laws of...everything? ? #AGT,https://www.instagram.com/tv/By3z8kSBteV/,5:41,174030,,26503,,
92,agt,Byx9ovYHi6v,Second chances can change lives.,https://www.instagram.com/tv/Byx9ovYHi6v/,4:49,592469,,69067,The search for new talent continues on #AGT TUESDAY 8/7c on @nbc.,
93,agt,Bysix2Ph5aP,Nine dogs. Four humans. One wild ride. #AGT is all-new TUESDAY 8/7c on @NBC,https://www.instagram.com/tv/Bysix2Ph5aP/,3:46,130462,140,19448,,
94,agt,ByshkbphgcO,Nine dogs. Four humans. One wild ride. #AGT is all-new TONIGHT 8/7c on @NBC,https://www.instagram.com/tv/ByshkbphgcO/,3:46,11561,9,645,,
95,agt,Byl5C7UB0g7,"@tylerbutlerfigueroaviolinist, earned his place at the live shows! ?? #AGT",https://www.instagram.com/tv/Byl5C7UB0g7/,8:00,483636,3877,97447,,
96,agt,BylweT-BnSS,Our grandpas are stronger than your grandpas. ???? #AGT,https://www.instagram.com/tv/BylweT-BnSS/,3:19,335643,,49005,,
97,agt,Byfm3PQhAuC,@DomjChambers: voted best person to go to the bar with. ?,https://www.instagram.com/tv/Byfm3PQhAuC/,5:14,125478,130,17989,#AGT Continues Tues 8/7c on @NBC.,
98,agt,ByajaLJh6tS,@charlottesummersofficial put a spell on us! ? #AGT,https://www.instagram.com/tv/ByajaLJh6tS/,4:03,301660,516,44924,The search for talent continues Tues 8/7c on @NBC.,
99,agt,ByT3O8GB2Sw,@itsjosephallen had the audience on their feet right from the start! ?#AGT,https://www.instagram.com/tv/ByT3O8GB2Sw/,9:28,193341,754,36980,,
100,agt,ByT0ycPhTUg,@LBKidsOfficial lit up the stage! ?? #AGT,https://www.instagram.com/tv/ByT0ycPhTUg/,3:58,147964,,23854,,
101,agt,ByTrvPkhJOi,@beniciobryant hit the judges with raw talent and authenticity. ? #AGT,https://www.instagram.com/tv/ByTrvPkhJOi/,4:49,292610,882,47720,,
102,agt,ByK-PH8Bf3k,Coconuts: ? Blindfold: ? Sledgehammer? ?,https://www.instagram.com/tv/ByK-PH8Bf3k/,5:42,177163,345,21947,You won’t want to miss #AGT this Tuesday 8/7c on @nbc.,
103,agt,ByB2AU5B-x7,@kodileerocks touched all of our hearts tonight. ???? #AGTPremiere,https://www.instagram.com/tv/ByB2AU5B-x7/,8:14,850145,6809,157283,,
104,agt,ByBsK_CheGu,You HAVE to see @SophiePecora’s moving performance! ??,https://www.instagram.com/tv/ByBsK_CheGu/,7:21,224437,627,31912,,
105,agt,Bx2aXA6B_jM,There’s a reason their name is V.Unbeatable!,https://www.instagram.com/tv/Bx2aXA6B_jM/,2:18,238510,766,37378,See for yourself on the season premiere of #AGT Tuesday 8/7c on @NBC.,
106,agt,BnrIVh_HruY,Talent University: Jon Dorenbos,https://www.instagram.com/tv/BnrIVh_HruY/,3:15,30885,8,756,Get ready to be the cool kid at Talent University when @JonDorenbos teaches you this card trick. ?? Created with our partner @DunkinDonuts.,
107,agt,BnpfgOVnxqz,"Global Sensation BTS Performs ""Idol"" on AGT",https://www.instagram.com/tv/BnpfgOVnxqz/,3:07,35146,174,2908,"We are SHOOK! The biggest boy band on the planet graced the AGT stage with their incredible performance of ""Idol"".",
108,agt,BncfU9LHFwu,Howie Mandel Pranks People While Undercover At An AGT Audition,https://www.instagram.com/tv/BncfU9LHFwu/,3:28,30644,20,1113,LOL! Howie puts AGT contestants in the most awkward situations. The reactions are priceless.,
109,agt,BnJzyd5nMVx,The Illusionists And Light Balance Perform Epic Magic And Dance Collab,https://www.instagram.com/tv/BnJzyd5nMVx/,2:39,37270,17,1416,"Card magic, quick changes, and an epic light up dance crew came together and delivered an incredible performance!",
110,agt,BnHFDmPH4i6,Talent University: Brian Justin Crum,https://www.instagram.com/tv/BnHFDmPH4i6/,3:01,11751,5,294,Today's Talent University lesson is all about the art of the performance with @BrianJustinCrum. Created with our partner @DunkinDonuts.,
111,agt,BnEtGfsHgiq,"Simon Cowell Sabotages Tyra Banks' Blind Dates, Hilarity Ensues",https://www.instagram.com/tv/BnEtGfsHgiq/,5:08,56008,69,2842,OMG! Simon secretly coached people through dating Tyra Banks and it ended with Heidi Klum throwing her drink in Taylor Williamson's face.,
112,agt,BmjZJFanTDn,"Darci Lynne, The 13-Year-Old Ventriloquist, Returns With ""Show Off",https://www.instagram.com/tv/BmjZJFanTDn/,3:00,53723,59,2730,"The winner of season 12, Darci Lynne, is back with an amazing rendition of ""Show Off.""",
113,agt,Bmi8Sw3nIuA,Talent University: Sofie Dossi,https://www.instagram.com/tv/Bmi8Sw3nIuA/,3:04,23343,16,887,@sofiedossi is bringing her secrets for maximum flexibility to Talent University! Created with @DunkinDonuts.,
114,agt,BmM5hH-HkxD,Flau'jae: 14-Year-Old Rapper Earns Golden Buzzer From Chris Hardwick,https://www.instagram.com/tv/BmM5hH-HkxD/,4:56,14719,75,1404,The young rapper returns with a touching and heart-wrenching original. Flau'jae's amazing performance earned her the golden buzzer from Chris Hardwick!,
115,agt,BmBybb-HAAk,Lord Nil: Nearly Eaten Alive By Alligators In Dangerous Stunt,https://www.instagram.com/tv/BmBybb-HAAk/,4:16,24249,28,830,"Lord Nil left with shattered bones last time he tried this escape. Per Simon Cowell's request, he upped the ante by including alligators. Catch him hanging upside down in a straight jacket by ropes on fire... it's insanely dangerous.",
116,agt,Bl--ONzFnHK,Talent University: Junior and Emily Alabi,https://www.instagram.com/tv/Bl--ONzFnHK/,4:11,11206,9,207,@juniorandemilyalabi are getting physical with your education at Talent University! ?? Created with our partner @dunkindonuts.,
117,agt,Bl6zR9aDxbO,Quin and Misha: 71-Year-Old Dancer And Partner Receive Golden Buzzer,https://www.instagram.com/tv/Bl6zR9aDxbO/,4:10,19819,32,661,Guest judge Martina McBride hit her golden buzzer for Quin and Misha! Catch their high energy and inspirational performance.,
118,agt,BlvnJg_BznZ,The Sacred Riana: Summons A Terrifying Imaginary Friend,https://www.instagram.com/tv/BlvnJg_BznZ/,4:49,47698,95,1803,SHE'S BACK. The Sacred Riana conjures an imaginary friend to play with Mel B and this is the scariest magic Mel has seen.,
119,agt,Blox7JVhRko,Angel City Chorale: Amazing Choir Earns Golden Buzzer From Olivia Munn,https://www.instagram.com/tv/Blox7JVhRko/,5:35,28610,34,1148,"The diverse choir stunned the audience with ""Baba Yetu"" and earned guest judge Olivia Munn's Golden Buzzer.",
120,agt,BldsSGLA17p,Shin Lim: Proves Magic Is Real With Unbelievable Card Tricks,https://www.instagram.com/tv/BldsSGLA17p/,3:04,23075,22,870,Close-up magician Shin Lim surprises Olivia Munn with some of the best card tricks in AGT history.,
121,agt,Bla9kRsntRa,Talent University: Christian Stoinev,https://www.instagram.com/tv/Bla9kRsntRa/,2:26,14003,3,396,@Castoinev and Percy take teacher’s pet to another level at Talent University. ??????Created with our partner @dunkindonuts.,
122,agt,BlW0wfahMdO,Voices Of Hope Children's Choir: Moana Performance Earns Golden Buzzer,https://www.instagram.com/tv/BlW0wfahMdO/,5:43,34776,64,1961,Guest judge Ken Jeong was so inspired by this choir’s performance that he gave them his golden buzzer! Watch this children choir’s amazing rendition of “How Far I’ll Go”.,
123,agt,BlL8enaFPvr,Aaron Crow: Dangerously Shoots Apple Off Heidi Klum’s Head,https://www.instagram.com/tv/BlL8enaFPvr/,4:47,54287,48,1967,"OMG! Aaron Crow returns with an incredibly dangerous performance! Watch as he shoots an arrow through an apple on Heidi Klum's head, nearly missing her and Ken Jeong!",
124,agt,BlJfDA9AStr,Duo Transcend: Performs Dangerous Trapeze Act,https://www.instagram.com/tv/BlJfDA9AStr/,3:33,26467,19,1094,This married couple from Salt Lake City performs a stunning trapeze performance. Watch as the stakes are high and they fly even higher.,
125,agt,BlGsRYClSt0,Aaron Crow: Pours Hot Wax On Eyes And Swings Sword At Howie Mandel,https://www.instagram.com/tv/BlGsRYClSt0/,5:46,21552,,892,"Danger act Aaron Crow drips hot wax onto his eyes and grazes Howie's head with a sword. From slicing a pineapple with a sword, to breaking wooden boards with nunchucks, Aaron brings the danger to AGT.",
126,agt,BlFCN5JBZdV,"Makayla Phillips: 15-Year-Old Receives Golden Buzzer For ""Warrior""",https://www.instagram.com/tv/BlFCN5JBZdV/,4:37,75643,145,3925,"The teenager from Canyon Lake, CA performs ""Warrior"" by Demi Lovato. Watch as she earns the coveted Golden Buzzer from Heidi Klum, which sends her straight to the live shows at the Dolby Theater.",
127,agt,BlD1CxWHoOV,Yumbo Dump: Comedic Duo Makes Unbelievable Sounds With Their Bodies,https://www.instagram.com/tv/BlD1CxWHoOV/,3:42,20803,22,790,The noisemakers from Japan are bringing a new musical technique to AGT.,
128,agt,BlBc4VWnf6D,Zurcaroh: Golden Buzzer Worthy Aerial Dance Group Impresses Tyra Banks,https://www.instagram.com/tv/BlBc4VWnf6D/,4:29,25376,42,1616,The acrobatic dance troupe from Austria perform a stunning routine. This incredibly entertaining act earns a golden buzzer from Tyra Banks.,
129,agt,Bk-ybQ0HrdF,Shin Lim: Magician Blows Minds With Unbelievable Close-Up Magic,https://www.instagram.com/tv/Bk-ybQ0HrdF/,4:25,21596,24,956,"Shin Lim shocks the AGT audience with his mind-bending card magic, and will leave you omg-ing!",
130,agt,Bk8FL5nH8lR,Amanda Mena: The 15-Year-Old Earns Golden Buzzer From Mel B,https://www.instagram.com/tv/Bk8FL5nH8lR/,4:53,27676,51,1833,"The Massachusetts native scores the golden buzzer from scary spice herself, Mel B! See why the confetti falls with her rendition of ""Natural Woman.""",
131,agt,Bk5lAX-HlEt,"Angel Garcia: 12-Year-Old Sings Spanish Hit, 'El Triste'",https://www.instagram.com/tv/Bk5lAX-HlEt/,2:28,24816,60,1482,"Angel Garcia stuns the audience by singing the iconic song, ""El Triste.""",
132,agt,Bk24Tc0nl_4,Talent University: Merrick Hanna,https://www.instagram.com/tv/Bk24Tc0nl_4/,3:33,29986,,1228,Professor @merrickhanna is taking atten-DANCE at Talent University. Don't be late! ?? Created with our partner @dunkindonuts.,
133,agt,Bkx5NJFnXjL,Michael Ketterer: Father Of 6 Scores Golden Buzzer From Simon Cowell,https://www.instagram.com/tv/Bkx5NJFnXjL/,5:30,22289,45,1354,"The pediatric mental health nurse from East Tennessee currently resides in Orange County, CA with his wife and six kids. Watch his dreams come true as Simon Cowell gives him the golden buzzer.",
134,agt,BkgrZaegAT2,Brody Ray: Transgender Singer Is Ready To Stand In The Light,https://www.instagram.com/tv/BkgrZaegAT2/,2:38,30455,49,1484,"The Nebraska native who currently resides in Nashville, TN performs a rousing rendition of Jordan Smith's ""Stand In The Light.""",
135,agt,BkgKXdzAH5L,Troy James: Terrifies Judges With Chilling Contortion,https://www.instagram.com/tv/BkgKXdzAH5L/,2:10,39881,72,1797,Troy James took a break from his day job in human resources to surprise the judges with his creepy contortion act.,
136,agt,BkQTCZ-hKf4,Courtney Hadwin: 13-Year-Old Golden Buzzer Winning Performance,https://www.instagram.com/tv/BkQTCZ-hKf4/,4:05,717813,1425,30508,We did not see that coming! You won't believe the performance from this eccentric teenager. Courtney earned Howie Mandel's Golden Buzzer sending her straight to the live shows of America's Got Talent.,
137,nbcsongland,BzcFNw1BUKW,Aloe Blacc has a brand new song!,https://www.instagram.com/tv/BzcFNw1BUKW/,1:56,17772,96,2682,@aloeblacc&#x27;s new single for Fast &amp; Furious Presents: Hobbs &amp; Shaw was created through the magic of #Songland.,2019-07-03
138,nbcsongland,BzMR2XbnTZe,Meghan Trainor's new single is absolutely ?. Hear it first on Songland.,https://www.instagram.com/tv/BzMR2XbnTZe/,3:21,15208,57,2421,Hurt Me by Meghan Trainor &amp; KOLE,2019-06-26
139,nbcsongland,By4CDbwhKb3,Jonas Brothers have a BRAND NEW song.,https://www.instagram.com/tv/By4CDbwhKb3/,2:58,32561,425,6385,"It&#x27;s all yours, thanks to the magic of Songland.",2019-06-19
140,nbcsongland,ByB9WpbF0zP,John Legend has a brand-new single and you can hear it on #Songland first!,https://www.instagram.com/tv/ByB9WpbF0zP/,2:43,20386,245,3738,We Need Love - John Legend,2019-05-29
141,ninjawarrior,B08pz25ACRS,Lightning always strikes when @JoeMoravsky takes on the course. ??,https://www.instagram.com/tv/B08pz25ACRS/,3:15,32630,81,7482,#AmericanNinjaWarrior takes Baltimore by storm MONDAY 8/7c on @nbc.,2019-08-09
142,ninjawarrior,B0ziwv0gGUa,You can see the determination in their eyes! #AmericanNinjaWarrior,https://www.instagram.com/tv/B0ziwv0gGUa/,2:00,25420,14,3725,,2019-08-06
143,ninjawarrior,B0za7uyAcch,@JESSIEgraffPWR just showed city finals who’s BOSS.,https://www.instagram.com/tv/B0za7uyAcch/,5:40,64997,271,15.1k,,2019-08-06
144,ninjawarrior,B0zWOhSgcqW,@karsonvoiles’s heart couldn’t be bigger running the course for his father.,https://www.instagram.com/tv/B0zWOhSgcqW/,3:27,18606,19,3735,,2019-08-06
145,ninjawarrior,B0qvwUeAWC4,@Zimmpossible knows what it takes to be one of the greats.,https://www.instagram.com/tv/B0qvwUeAWC4/,3:51,28939,35,5029,#AmericanNinjaWarrior City Finals continue in Seattle MONDAY 8/7c on @nbc.,2019-08-02
146,ninjawarrior,B0lnYUigrYo,This run by @joshuapayneharris is BANANAS! ?,https://www.instagram.com/tv/B0lnYUigrYo/,4:13,17485,29,3360,,2019-07-31
147,ninjawarrior,B0hgCI2gswB,We can't pick our jaws up from the floor watching these Ninjas conquer.,https://www.instagram.com/tv/B0hgCI2gswB/,3:53,22607,10,3706,,2019-07-30
148,ninjawarrior,B0hdkc_AfhP,@Kingdom_Ninja is truly the KING.,https://www.instagram.com/tv/B0hdkc_AfhP/,3:22,34060,77,6780,,2019-07-30
149,ninjawarrior,B0hTLFXg3IU,@nvr_gvup's determination is unstoppable. ?,https://www.instagram.com/tv/B0hTLFXg3IU/,5:09,35726,92,6352,,2019-07-30
150,ninjawarrior,B0YvNONggWY,"@nvr_gvup always puts others first, but it's time for her to SHINE.",https://www.instagram.com/tv/B0YvNONggWY/,3:48,49367,167,9100,#AmericanNinjaWarrior takes OKC by storm MONDAY 8/7c on @nbc.,2019-07-26
151,ninjawarrior,B0Tjl50AUuT,@TylercGillett is one to watch for in the Las Vegas finals.,https://www.instagram.com/tv/B0Tjl50AUuT/,3:35,18443,18,3729,,2019-07-24
152,ninjawarrior,B0PeBn4gwe-,These Ninjas gave it their absolute all out on the course.,https://www.instagram.com/tv/B0PeBn4gwe-/,2:03,22240,7,3372,,2019-07-23
153,ninjawarrior,B0Pbj7dgFUD,@reallifeninja is stopping at nothing for another shot at the finals.,https://www.instagram.com/tv/B0Pbj7dgFUD/,3:38,47520,160,10.9k,,2019-07-23
154,ninjawarrior,B0PYrU0AXFr,"@ryan_strat put BLOOD, sweat, and tears into his city finals run.",https://www.instagram.com/tv/B0PYrU0AXFr/,4:27,32070,50,6170,,2019-07-23
155,ninjawarrior,B0HVjyOAXos,@amandamasongsong proves why she's our Snapchat champion!,https://www.instagram.com/tv/B0HVjyOAXos/,1:53,24922,15,3731,,2019-07-19
156,ninjawarrior,B0G9FVKADF0,"@themakerninja doesn't just invent obstacles, he dominates them. ?",https://www.instagram.com/tv/B0G9FVKADF0/,4:49,88759,125,9750,City Finals continue in Atlanta MONDAY 8/7c on @nbc. #AmericanNinjaWarrior,2019-07-19
157,ninjawarrior,B0GqcibgzFs,Started from the Snapchat competition now Landon is HERE.,https://www.instagram.com/tv/B0GqcibgzFs/,2:05,25932,13,4243,,2019-07-19
158,ninjawarrior,B0ByVUYA17q,@MinneSoderman showed the LA City Finals who's boss! #AmericanNinjaWarrior,https://www.instagram.com/tv/B0ByVUYA17q/,3:27,28626,21,4748,,2019-07-17
159,ninjawarrior,Bz9bab4neWF,These Ninjas had us on the edge of our seats. #AmericanNinjaWarrior,https://www.instagram.com/tv/Bz9bab4neWF/,2:31,26696,14,4782,,2019-07-16
160,ninjawarrior,Bz9YrTgnwOr,There's a reason @Youngflip7 is one of the greats. WOW.,https://www.instagram.com/tv/Bz9YrTgnwOr/,2:17,58767,60,8678,,2019-07-16
161,ninjawarrior,Bz9SQVmHnnQ,@Kevin_The_Bull isn't one to mess with. ?,https://www.instagram.com/tv/Bz9SQVmHnnQ/,3:24,71711,59,8719,,2019-07-16
162,ninjawarrior,Bz1avDOgH2t,City Qualifiers brought out the beasts in all our competitors. ?,https://www.instagram.com/tv/Bz1avDOgH2t/,4:13,58305,45,5960,,2019-07-12
163,ninjawarrior,Bz02q85ghMZ,"@thebriankretsch has competed EVERY season, but this run is unlike the rest",https://www.instagram.com/tv/Bz02q85ghMZ/,2:48,29224,70,4287,#AmericanNinjaWarrior continues with LA City finals MONDAY 8/7c on @nbc.,2019-07-12
164,ninjawarrior,Bzra_nSAMas,Nothing fuels these Ninjas more than their strong support systems!,https://www.instagram.com/tv/Bzra_nSAMas/,2:03,89336,28,6166,,2019-07-09
165,ninjawarrior,BzrYBr6AUSV,"Bride to be, @flexlabreck DOM-IN-NATED the course! ?",https://www.instagram.com/tv/BzrYBr6AUSV/,2:51,68545,157,12.9k,,2019-07-09
166,ninjawarrior,BzrVqTtAfnB,@EthanSwanson conquered EVERY fear out on the course.,https://www.instagram.com/tv/BzrVqTtAfnB/,1:46,134466,80,8864,,2019-07-09
167,ninjawarrior,BzilJmygosw,@islandninja’s in it to WIN IT. ??,https://www.instagram.com/tv/BzilJmygosw/,3:06,168400,97,11.2k,#AmericanNinjaWarrior is all-new Monday 8/7c on NBC.,2019-07-05
168,ninjawarrior,BzZaPhagEQj,"Dedication, redemption and heart make up these epic Ninjas.",https://www.instagram.com/tv/BzZaPhagEQj/,2:15,37895,23,4420,,2019-07-02
169,ninjawarrior,BzZX5fAgWa-,"@the.flying.phoenix didn't come here to PLAY, he came to WIN.",https://www.instagram.com/tv/BzZX5fAgWa-/,3:46,216556,103,14.9k,,2019-07-02
170,ninjawarrior,BzZWDZhgFPG,"It may be summer, but @allyssabeird is putting class back in session.",https://www.instagram.com/tv/BzZWDZhgFPG/,2:10,59227,35,6819,,2019-07-02
171,ninjawarrior,BzQmy-CgOmQ,@JoeMoravsky is bringing the electricity to the course. ??,https://www.instagram.com/tv/BzQmy-CgOmQ/,2:21,92744,105,8993,#AmericanNinjaWarrior kicks off in Baltimore MONDAY 8/7c on NBC.,2019-06-28
172,ninjawarrior,BzOI5NOgDvF,@JessieGraffPWR returned with one heroic run. #AmericanNinjaWarrior,https://www.instagram.com/tv/BzOI5NOgDvF/,3:37,161357,136,12.8k,,2019-06-27
173,ninjawarrior,BzLnRnsAh9R,@meyer_jax crushed it in Tacoma. Scout's honor. ??,https://www.instagram.com/tv/BzLnRnsAh9R/,1:05,46350,30,4116,,2019-06-26
174,ninjawarrior,BzHYZzDArq5,Blink and you might miss these epic runs. #AmericanNinjaWarrior,https://www.instagram.com/tv/BzHYZzDArq5/,3:02,196226,55,9956,,2019-06-25
175,ninjawarrior,BzHWVF4A0U1,Yee and @LancePekus cannot stress this enough...HAW. ?,https://www.instagram.com/tv/BzHWVF4A0U1/,2:52,66213,103,9521,,2019-06-25
176,ninjawarrior,BzHMfEHgEMa,@zimmpossible just made HISTORY! #AmericanNinjaWarrior,https://www.instagram.com/tv/BzHMfEHgEMa/,4:06,85298,281,14.2k,,2019-06-25
177,ninjawarrior,By--yNcgQBW,@JESSIEgraffPWR's return is nothing short of epic. #AmericanNinjaWarrior,https://www.instagram.com/tv/By--yNcgQBW/,2:00,201822,133,14.2k,,2019-06-21
178,ninjawarrior,By5eAFYgW7_,The grass is always greener for @andrizoWarrior. #AmericanNinjaWarrior,https://www.instagram.com/tv/By5eAFYgW7_/,2:38,27483,33,4529,,2019-06-19
179,ninjawarrior,By1WWY3A4UM,These Ninjas are straight fire ?. #AmericanNinjaWarrior,https://www.instagram.com/tv/By1WWY3A4UM/,4:01,54846,35,5472,,2019-06-18
180,ninjawarrior,By1UpHqg975,Make way for the KING!?#AmericanNinjaWarrior,https://www.instagram.com/tv/By1UpHqg975/,1:38,279276,187,19k,,2019-06-18
181,ninjawarrior,By1PDbHgr-7,@sparklyninja is BACK and better than ever! ? #AmericanNinjaWarrior,https://www.instagram.com/tv/By1PDbHgr-7/,4:02,121929,72,10.3k,,2019-06-18
182,ninjawarrior,ByxwWj_g9hQ,@tmortimer08 is one of the many reasons why we celebrate our dads today.,https://www.instagram.com/tv/ByxwWj_g9hQ/,2:36,48951,54,6433,,2019-06-16
183,ninjawarrior,Byag_5og4Op,FEAR. THE. BEARD #AmericanNinjaWarrior,https://www.instagram.com/tv/Byag_5og4Op/,4:15,54207,53,6551,,2019-06-07
184,ninjawarrior,ByWdDzngXyR,We're constantly impressed with the endurance these Ninjas bring.,https://www.instagram.com/tv/ByWdDzngXyR/,2:15,48029,21,4496,,2019-06-06
185,ninjawarrior,ByWa9rtAWHW,He's called the @reallifeninja for a reason. ? #AmericanNinjaWarrior,https://www.instagram.com/tv/ByWa9rtAWHW/,1:36,320200,254,19.6k,,2019-06-06
186,ninjawarrior,ByWX79dAI5M,@ninjajessclay is proof that anything is possible. #AmericanNinjaWarrior,https://www.instagram.com/tv/ByWX79dAI5M/,4:35,278585,90,17.5k,,2019-06-06
187,ninjawarrior,ByQQpmBA6gv,May the best pet win!,https://www.instagram.com/tv/ByQQpmBA6gv/,1:37,117869,253,13k,A special @secretlifeofpets edition of #AmericanNinjaWarrior airs Wednesday 8/7c on @NBC.,2019-06-03
188,ninjawarrior,ByIgOEzAZxg,@imalexweber is LITERALLY crashing the course! Go Alex go!,https://www.instagram.com/tv/ByIgOEzAZxg/,2:01,68940,30,6910,,2019-05-31
189,ninjawarrior,ByEcBN_gs7C,"@TheChadFlexington, @mrsuccessfu1, and @burkinator500 blew us away!",https://www.instagram.com/tv/ByEcBN_gs7C/,1:56,59998,19,4969,Don’t miss American Ninja Warrior Wednesdays 8/7c on NBC.,2019-05-30
190,ninjawarrior,ByEYn45gN9O,"Don't mess with @Kevin_the_bull, you'll get the horns.",https://www.instagram.com/tv/ByEYn45gN9O/,1:49,1078995,595,50.6k,Don’t miss American Ninja Warrior Wednesdays 8/7c on NBC.,2019-05-30
191,ninjawarrior,Bx-K0CRg3hK,"When it comes to the #AmericanNinjaWarriorCourse, @youngflip7 is fearless.",https://www.instagram.com/tv/Bx-K0CRg3hK/,2:56,392350,179,19.4k,American Ninja Warrior returns Wednesday 8/7c on@nbc.,2019-05-27
192,ninjawarrior,BnphojBBW4C,Ninja Warrior Weekly: Las Vegas Night 3,https://www.instagram.com/tv/BnphojBBW4C/,6:36,14887,9,613,"Host Allyson Felix recaps all the biggest moments from the season&#x27;s finale episode. Plus, watch the ninjas talk about their favorite moments from Season 10.",2018-09-13
193,ninjawarrior,BnXQoSIhTsS,American Ninja Warrior Weekly: Vegas Night 2,https://www.instagram.com/tv/BnXQoSIhTsS/,5:56,8412,5,337,"Host Allyson Felix recaps all the biggest moments from this week&#x27;s episode, including Jake Murray&#x27;s incredible run, Kenny Niemitalo&#x27;s heart-breaking week and Jessie Graff&#x27;s message to the ninja community.",2018-09-05
194,ninjawarrior,BnT_CsNhxqJ,Eric Middleton at the Vegas Finals: Stage 1,https://www.instagram.com/tv/BnT_CsNhxqJ/,2:46,17693,3,552,Watch Eric Middleton&#x27;s run from the Vegas Finals - Stage 1.,2018-09-04
195,ninjawarrior,BnC1NknhR0i,Jamie Rahn Goes Barefoot at the Vegas Finals: Stage 1,https://www.instagram.com/tv/BnC1NknhR0i/,2:51,84513,31,3595,Watch Jamie Rahn stun all when he runs barefoot at the Vegas Finals - Stage 1.,2018-08-29
196,ninjawarrior,Bm1Dbi9hMTZ,American Ninja Warrior Weekly: Minneapolis Finals,https://www.instagram.com/tv/Bm1Dbi9hMTZ/,4:02,9249,1,216,"Host Allyson Felix recaps all the biggest moments from this week&#x27;s episode, including Meagan Martin&#x27;s run, the rising rookies and her pick for Warrior of the Week, Jon Alexis Jr.",2018-08-23
197,ninjawarrior,BmuGtDahyCr,Jake Murray at the Minneapolis City Finals,https://www.instagram.com/tv/BmuGtDahyCr/,3:56,6369,2,171,Watch Jake Murray&#x27;s run from the Minneapolis City Finals.,2018-08-21
198,ninjawarrior,BmjMWAyBDJF,American Ninja Warrior Weekly: Philly Finals,https://www.instagram.com/tv/BmjMWAyBDJF/,4:24,4832,1,107,"Host Allyson Felix recaps all the biggest moments from this week&#x27;s episode, including Najee Richardson&#x27;s run and all the best costumed runs this season.",2018-08-16
199,ninjawarrior,BmcERPdBvZa,Michelle Warnky at the Philadelphia City Finals,https://www.instagram.com/tv/BmcERPdBvZa/,4:07,9612,2,305,Watch Michelle Warnky&#x27;s run from the Philadelphia City Finals.,2018-08-14
200,ninjawarrior,BmOy3MTBGcl,American Ninja Warrior Weekly: Indianapolis Finals,https://www.instagram.com/tv/BmOy3MTBGcl/,4:06,6109,2,114,"Host Allyson Felix recaps all the biggest moments from this week&#x27;s episode, including Isaac Caldiero&#x27;s surprising fail and a crushing new obstacle. Plus, guest Alex Weber crashes the Philly Finals course.",2018-08-08
201,ninjawarrior,BmCQ5JJBzmz,Kyle Schulze at the Indianapolis City Finals,https://www.instagram.com/tv/BmCQ5JJBzmz/,4:54,3564,0,92,Watch Kyle Schulze&#x27;s run from the Indianapolis City Finals.,2018-08-03
202,ninjawarrior,BmBtCBJlkga,Ninja vs Dino,https://www.instagram.com/tv/BmBtCBJlkga/,1:55,7818,5,239,Jurassic Ninjas take their run on the course!,2018-08-03
203,ninjawarrior,Bl-9L4MjLdA,American Ninja Warrior Weekly: Miami Finals,https://www.instagram.com/tv/Bl-9L4MjLdA/,3:55,4685,1,107,"Host Allyson Felix recaps all the biggest moments from this week&#x27;s episode, including Drew Drechsel&#x27;s and Jessie Graff&#x27;s finals runs! Plus, guest Nikki Lee from ANW Nation shares Kenny Niemitalo&#x27;s touching story.",2018-08-02
204,ninjawarrior,Bl3UjiSDtYl,Drew Drechsel: Miami City Finals,https://www.instagram.com/tv/Bl3UjiSDtYl/,3:24,7432,8,204,Drew Drechsel takes his shot at the Miami City Finals course.,2018-07-30
205,ninjawarrior,Blq_ijnBgU1,Ninja Warrior Weekly: Dallas Finals,https://www.instagram.com/tv/Blq_ijnBgU1/,3:25,3553,1,60,"Host Allyson Felix recaps all the biggest moments from this week&#x27;s episode, including Mathis &quot;The Kid&quot; Owhadi&#x27;s first finals run! Plus, check out our Rookie Radar, which breaks down all the new breakout stars.",2018-07-25
206,ninjawarrior,BllfEqHA_0y,Barclay Stockett at the Dallas City Finals,https://www.instagram.com/tv/BllfEqHA_0y/,4:33,7239,6,249,Watch Barclay Stockett&#x27;s run from the Dallas City Finals.,2018-07-23
207,ninjawarrior,BlbiUG4FvgL,Ninja Warrior Weekly: Los Angeles Finals,https://www.instagram.com/tv/BlbiUG4FvgL/,3:35,3879,2,65,"Host Allyson Felix recaps all the biggest moments from this week’s episode, including Kevin Bull’s dramatic run! Plus, check out Sean Bryan, the Warrior of the Week!",2018-07-20
208,ninjawarrior,Bla_EJOA8JE,Sean Bryan at the Los Angeles City Finals,https://www.instagram.com/tv/Bla_EJOA8JE/,3:42,3324,3,77,Watch Sean Bryan’s run from the Los Angeles City Finals.,2018-07-19
209,ninjawarrior,BlWXAnLle5p,Ninja Warrior Weekly: Minneapolis Qualifiers,https://www.instagram.com/tv/BlWXAnLle5p/,3:44,3434,2,75,"Host Allyson Felix recaps all the biggest moments from this week’s episode, including Matt and Akbar eating tarantulas! Plus, check out the return of Jake Murray and more!",2018-07-17
210,ninjawarrior,BlTnXQLnieX,Kevin Bull at the Los Angeles City Finals,https://www.instagram.com/tv/BlTnXQLnieX/,4:11,5862,7,172,Watch Kevin Bull&#x27;s run from the Los Angeles City Finals.,2018-07-16
211,ninjawarrior,BlBcH-0hBWS,Eric Middleton Takes On Minneapolis City Qualifiers,https://www.instagram.com/tv/BlBcH-0hBWS/,2:17,7182,5,214,,2018-07-09
212,ninjawarrior,BkTiNXJhzwh,Jessie Graff Takes On Miami City Qualifiers,https://www.instagram.com/tv/BkTiNXJhzwh/,3:50,12339,21,469,The Ninja Warrior legend returns to compete in American Ninja Warrior 2018.,2018-06-21
213,nbcbluffcitylaw,B01fH3XgwB0,Bluff City Law First Look,https://www.instagram.com/tv/B01fH3XgwB0/,2:10,690,14,218,"Are you ready to change the world? Get a first look at #BluffCityLaw, coming to @NBC Monday, September 23.",
214,nbcbluffcitylaw,BydG7iuACoU,"NBC Presents Bluff City Law, Mondays this fall.",https://www.instagram.com/tv/BydG7iuACoU/,1:45,1092,,162,"Changing the world is the family business. Jimmy Smits stars in #BluffCityLaw, a powerful new legal drama coming Mondays this fall to @NBC.",
215,nbcbringthefunny,B02MZ8JHoSn,Comedy Clash: Morgan Jay,https://www.instagram.com/tv/B02MZ8JHoSn/,2:51,4918,45,818,@morganjay sings the song of our people. #BringTheFunny,2019-08-07
216,nbcbringthefunny,B02MF6onPtf,Comedy Clash: JK! Studios,https://www.instagram.com/tv/B02MF6onPtf/,2:20,4946,33,830,It&#x27;s safe to say that @jkstudios&#x27; sketch is making history. ? #BringTheFunny,2019-08-07
217,nbcbringthefunny,B0y4ULOnIzt,Comedy Clash: Randy Feltface v. Jarred Fell,https://www.instagram.com/tv/B0y4ULOnIzt/,4:43,5198,41,799,"In an epic clash of puppet versus magic, you never know what&#x27;s going to happen. #BringTheFunny",2019-08-05
218,nbcbringthefunny,B0kGEj3AO0D,Bring The Funny: The Valleyfolk,https://www.instagram.com/tv/B0kGEj3AO0D/,3:28,8484,77,1295,? for the Mole People. ? for @thevalleyfolk. #BringTheFunny,2019-07-31
219,nbcbringthefunny,B0kFCUtgJ9n,Bring The Funny: Tacarra Williams,https://www.instagram.com/tv/B0kFCUtgJ9n/,2:08,7892,52,1266,@tacarracomedy had us at &quot;I don&#x27;t like my kids&quot;. #BringTheFunny,2019-07-31
220,nbcbringthefunny,B0gzx_snCaX,Bring The Funny: Lewberger,https://www.instagram.com/tv/B0gzx_snCaX/,2:13,9430,20,922,Our friends @lewberger grace us with their presence. Watch them #BringTheFunny tomorrow at 10/9c. ?,2019-07-29
221,nbcbringthefunny,B0SKG42hOn2,Bring The Funny: @alisiddiq,https://www.instagram.com/tv/B0SKG42hOn2/,2:04,7413,24,758,This whole set. ?? #BringTheFunny,2019-07-24
222,nbcbringthefunny,B0SD5XkB7pq,Bring The Funny: @handsomenaked,https://www.instagram.com/tv/B0SD5XkB7pq/,1:31,7150,27,635,"In the words of @chrissyteigen: we didn&#x27;t know that we wanted it, but now that it&#x27;s gone, we miss it.",2019-07-24
223,nbcbringthefunny,B0Ozjv0BcM_,Bring The Funny: @ajonthemic,https://www.instagram.com/tv/B0Ozjv0BcM_/,2:11,9562,78,955,"Hey, Kourtney Kardashian. Looks like we found your doppelgänger! Don&#x27;t miss this epic impersonation tomorrow 10/9c on @NBC.",2019-07-22
224,nbcbringthefunny,Bz8gMmdnRbw,Bring The Funny: Randy Feltface,https://www.instagram.com/tv/Bz8gMmdnRbw/,2:21,8634,51,1168,"? WE&#x27;VE GOT SOMETHING NEW FOR YOU. ?

Introducing: our first puppet! See all this wackiness and more tomorrow at 10/9c on #BringTheFunny.",2019-07-15
225,nbcbringthefunny,BzQukbXHVv2,"? YOUR FIRST LOOK AT BRING THE FUNNY. ? Chrissy loved it, you will too.",https://www.instagram.com/tv/BzQukbXHVv2/,2:09,10900,38,900,"See if Frangela can #BringTheFunny, premiering July 9 on @NBC.",2019-06-28
226,nbcsongland,BzcFNw1BUKW,Aloe Blacc has a brand new song!,https://www.instagram.com/tv/BzcFNw1BUKW/,1:56,17772,96,2682,@aloeblacc&#x27;s new single for Fast &amp; Furious Presents: Hobbs &amp; Shaw was created through the magic of #Songland.,2019-07-03
227,nbcsongland,BzMR2XbnTZe,Meghan Trainor's new single is absolutely ?. Hear it first on Songland.,https://www.instagram.com/tv/BzMR2XbnTZe/,3:21,15208,57,2421,Hurt Me by Meghan Trainor &amp; KOLE,2019-06-26
228,nbcsongland,By4CDbwhKb3,Jonas Brothers have a BRAND NEW song.,https://www.instagram.com/tv/By4CDbwhKb3/,2:58,32561,425,6385,"It&#x27;s all yours, thanks to the magic of Songland.",2019-06-19
229,nbcsongland,ByB9WpbF0zP,John Legend has a brand-new single and you can hear it on #Songland first!,https://www.instagram.com/tv/ByB9WpbF0zP/,2:43,20386,245,3738,We Need Love - John Legend,2019-05-29
230,nbcsunnyside,Byi1NRLCayS,"NBC Presents Sunnyside, coming Thursdays this fall",https://www.instagram.com/tv/Byi1NRLCayS/,2:00,1442,6,174,"Welcome to Queens. Home of the American Dream. @KalPenn stars in #Sunnyside, from the network that brought you @nbcthegoodplace and @nbcbrooklyn99. Coming Thursdays this fall to @NBC.",2019-06-10
231,nbcsnl,B0YuyMvlK7k,Guest Actress Emmy Nominee Highlights,https://www.instagram.com/tv/B0YuyMvlK7k/,1:13,308007,100,24646,Let’s hear it for @iamsandraohinsta and Emma Thompson! ?,
232,nbcsnl,B0TmV4eFFSP,Guest Actor Emmy Nominee Highlights,https://www.instagram.com/tv/B0TmV4eFFSP/,1:34,247451,,22054,"? Give it up for Matt Damon, @AdamSandler, @JohnMulaney, and Robert De Niro!",
233,nbcsnl,B0OoBAoFMKh,Kate’s Season 44 Highlights,https://www.instagram.com/tv/B0OoBAoFMKh/,1:32,441770,1520,54310,Leave some ?? in the comments for 2019 Emmy nominee Kate McKinnon!,
234,nbcsnl,BzDj4TJFVU1,#CreatingSNL: Makeup,https://www.instagram.com/tv/BzDj4TJFVU1/,5:39,288076,310,20938,@louiezfx talks makeup. Watch the full episode on IGTV! ?,
235,nbcsnl,By8jQOmFmaL,#CreatingSNL: Wardrobe,https://www.instagram.com/tv/By8jQOmFmaL/,9:22,373484,341,37747,The wardrobe team reveals their magic. ?Watch on IGTV?,
236,nbcsnl,By3daETlfOd,#CreatingSNL: Cue Cards,https://www.instagram.com/tv/By3daETlfOd/,6:42,285678,354,26702,Click to watch the full episode on IGTV! ?,
237,nbcsnl,BlY2qm_F2iR,Creating SNL: Film Unit Outtakes,https://www.instagram.com/tv/BlY2qm_F2iR/,3:49,39602,10,529,"Watch bloopers featuring Ryan Gosling, Kate McKinnon, Donald Glover, Jessica Chastain and more.",
238,nbcsnl,BklVjySlo78,Creating SNL: Hair and Makeup,https://www.instagram.com/tv/BklVjySlo78/,4:06,31523,13,412,Go behind the scenes with Louie Zakarian and Jodi Mancuso to see what goes into creating SNL’s weekly looks.,
239,nbcsnl,BkQxrz2FzKM,Aidy Bryant’s Instagram Shout-out,https://www.instagram.com/tv/BkQxrz2FzKM/,0:31,75061,39,948,"Aidy Bryant channels her inner Cardi B in “Aidy B & Cardi B” from Season 43 of Saturday Night Live. 
Original Air Date: April 7, 2018

Watch the full sketch: bit.ly/AidyBCardiB",
240,nbcbrooklyn99,Bx3ENAKjbc_,Melissa Fumero Gets Put to the Test!,https://www.instagram.com/tv/Bx3ENAKjbc_/,1:33,533359,539,128.9k,Talk about a speed round! @melissafumero is getting put to the test by Indy 500 driver James Hinchcliffe.,2019-05-24
241,nbcbrooklyn99,BpnL5yJBI2N,A Halloween Heist How-To: B99's Tips & Tricks,https://www.instagram.com/tv/BpnL5yJBI2N/,1:28,129505,124,8858,Want to be crowned the ultimate detective-slash-human-slash genius? Here&#x27;s the #Brooklyn99 Halloween Heist 101!,2018-10-31
242,nbcbrooklyn99,BmlQG40hAmk,Cool Cool Cool,https://www.instagram.com/tv/BmlQG40hAmk/,1:02,127908,403,10.9k,No doubt no doubt no doooooubt.,2018-08-17
243,nbcbrooklyn99,Bln0tPMHYme,Title of Our SDCC Panel Tape,https://www.instagram.com/tv/Bln0tPMHYme/,3:31,44850,69,2682,Check out these highloits!,2018-07-24
244,nbcworldofdance,BxF1qddHc7G,LEAKED: Ellie & Ava World Finals Performance - World of Dance,https://www.instagram.com/tv/BxF1qddHc7G/,1:35,718121,1067,113.7k,A routine fit for the World Finals. ?? See how these incredible dancers fare at the #WorldofDance finale TONIGHT 8/7c on @nbc. ?,2019-05-05
245,nbcworldofdance,BxAoEJNHofy,LEAKED: Derek Hough World Finals Performance - World of Dance,https://www.instagram.com/tv/BxAoEJNHofy/,1:39,1020118,3668,186.2k,@derekhough is joined by some familiar faces for a routine you don&#x27;t want to miss! ? It all goes down at World Finals SUNDAY 8/7c on @nbc. ?,2019-05-03
246,nbcworldofdance,BwudtC8HGSt,LEAKED: Unity LA Divisional Finals Performance - World of Dance,https://www.instagram.com/tv/BwudtC8HGSt/,1:41,2465635,3329,215.2k,We DARE you not to cry! ? Catch #WorldofDance SUNDAY 8/7c on @nbc.,2019-04-26
247,nbcworldofdance,BwcfhlDHM5p,LEAKED: The Heima The Cut Performance - World of Dance,https://www.instagram.com/tv/BwcfhlDHM5p/,1:32,448639,634,76.8k,The masks are off when the Upper Teams brave The Cut SUNDAY 8/7c on NBC! ??,2019-04-19
248,nbcworldofdance,BwKW922ANKI,LEAKED: Briar Nolet The Cut Performance - World of Dance,https://www.instagram.com/tv/BwKW922ANKI/,1:32,1125534,2512,150.7k,The margin for error is razor thin in THE CUT! ?? Only half the dancers will make it through when #WorldofDance continues SUNDAY 8/7c on NBC.,2019-04-12
249,nbcworldofdance,Bv4hwOWnzL2,LEAKED: Radiance vs. Main Guys Duels Performance - World of Dance,https://www.instagram.com/tv/Bv4hwOWnzL2/,2:40,1398611,1137,129.8k,Who will win in this clash of fierce femininity and mind-bending hip hop?,2019-04-05
250,nbcworldofdance,BvUWlhTntwA,LEAKED: JDC vs. Dancetown Divas Duels Performance,https://www.instagram.com/tv/BvUWlhTntwA/,2:29,1038068,605,102.3k,These young dancers make you look in the mirror and ignite your PASSION! ?,2019-03-22
251,nbcworldofdance,BuetOa-ngMm,LEAKED: Derion & Madison Qualifiers Performance,https://www.instagram.com/tv/BuetOa-ngMm/,1:19,1153454,1336,131.6k,This performance is like nothing you&#x27;ve EVER seen before. ??,2019-03-01
252,nbcworldofdance,BuEu8KdnRCH,LEAKED: Lauren Yakima Qualifiers Performance,https://www.instagram.com/tv/BuEu8KdnRCH/,1:28,1129300,1593,122.9k,You&#x27;ll have goosies from beginning to end! ?,2019-02-19
253,nbcworldofdance,Bnl9-E3Fx2P,World of Dance: Michael Dameski World Finals Performance,https://www.instagram.com/tv/Bnl9-E3Fx2P/,1:16,122661,113,6805,Michael Dameski WOWs in this emotional performance.,2018-09-11
254,nbcworldofdance,BnUDDu8FZ0U,World of Dance: Charity and Andres Divisional Finals Performance,https://www.instagram.com/tv/BnUDDu8FZ0U/,1:27,175682,88,9937,A broken toe didn’t stop this duo from lighting up the stage. ?,2018-09-04
255,nbcworldofdance,BnB63Y3F84F,World of Dance: Sean and Kaycee Cut Performance,https://www.instagram.com/tv/BnB63Y3F84F/,1:28,259879,215,17.6k,This duo tells a stunning love story with their original choreography and stunning moves.,2018-08-28
256,nbcworldofdance,Bm_Vfudl0ZE,World of Dance: Karen y Ricardo Cut Performance,https://www.instagram.com/tv/Bm_Vfudl0ZE/,3:38,107667,75,5272,What a happening! This hot duo slowed it down and heated up the stage.,2018-08-27
257,nbcworldofdance,BmwMBZDlxlF,World of Dance: Michael Dameski Cut Performance,https://www.instagram.com/tv/BmwMBZDlxlF/,1:34,120210,103,7229,Michael Dameski stuns in his emotional tribute to his beloved grandparents.,2018-08-21
258,nbcworldofdance,BmmHdqWFFvI,World of Dance: Ashley and Zack Front Row Duels Performance,https://www.instagram.com/tv/BmmHdqWFFvI/,0:28,68734,15,1690,Ashley and Zack give you a front row seat to their emotional performance.,2018-08-17
259,nbcworldofdance,BmeARYMFfJj,World of Dance: Embodiment + Brotherhood Duels Performance,https://www.instagram.com/tv/BmeARYMFfJj/,2:29,69442,34,2908,These two all male groups brought passion and heat to the stage in a can’t- miss duel.?,2018-08-14
260,nbcworldofdance,BmbUfrGFz-m,World of Dance: Jaxon Willard Duels Performance,https://www.instagram.com/tv/BmbUfrGFz-m/,3:47,78226,68,4033,Jaxon Willard beautifully tells a deeply personal story with stunning grace and power.,2018-08-13
261,nbcworldofdance,BmL0dBBl8qc,World of Dance: Poreotics + Marissa and the Heartbreakers Duels Performance,https://www.instagram.com/tv/BmL0dBBl8qc/,2:36,86912,41,3038,These two Upper Teams left it all on the dance floor. ?,2018-08-07
262,nbcworldofdance,Bl5_TjBhK1Q,World of Dance: Charity & Andres v. Vivian Ruiz Duels Performance,https://www.instagram.com/tv/Bl5_TjBhK1Q/,2:23,95428,61,3671,This Duel is like NOTHING you’ve ever seen before. ??,2018-07-31
263,nbcworldofdance,BlqlCvYBBFB,World of Dance: Karen y Ricardo Duels Performance,https://www.instagram.com/tv/BlqlCvYBBFB/,1:21,85036,97,3571,"Karen y Ricardo are bringing their signature turns, energy and passion to their Duel. ??",2018-07-25
264,nbcworldofdance,Bllg2MSnzej,World of Dance: Victoria Cavan Qualifiers Performance,https://www.instagram.com/tv/Bllg2MSnzej/,1:12,50849,16,1339,Victoria Caban has that fierce flamenco fire. ?,2018-07-23
265,nbcworldofdance,BlTP_GVDel2,World of Dance: Marinspired Qualifiers Performance,https://www.instagram.com/tv/BlTP_GVDel2/,1:00,85214,70,4110,Marinspired teams up for a beautifully passionate performance. ?,2018-07-16
266,nbcworldofdance,BlJsjWXnHbB,World of Dance: Ashley and Zack Qualifiers Performance,https://www.instagram.com/tv/BlJsjWXnHbB/,1:00,72986,56,3987,Ashley and Zack bring the heat and light up the stage.?,2018-07-13
267,nbcworldofdance,BlBIeoYlIDl,LEAKED: World of Dance: The Rock Company Qualifiers Performance,https://www.instagram.com/tv/BlBIeoYlIDl/,1:13,156942,101,6297,Incredible performance from unspeakable tragedy. ?,2018-07-09
268,nbcworldofdance,Bk5gJMel0YN,World of Dance: Fabulous Sisters Qualifiers Performance,https://www.instagram.com/tv/Bk5gJMel0YN/,1:10,59622,13,2239,Fabulous Sisters bring passion and intensity to their World of Dance debut. ?,2018-07-06
269,nbcworldofdance,Bk257IZl1Bz,World of Dance: Karen y Ricardo Qualifiers Performance,https://www.instagram.com/tv/Bk257IZl1Bz/,1:11,70300,71,3505,Karen y Ricardo stun in this epic performance. ?,2018-07-05
270,nbcworldofdance,BkvgieCj6n5,World of Dance: Charity and Andres Qualifiers Performance,https://www.instagram.com/tv/BkvgieCj6n5/,1:07,113272,112,8343,"When Charity and Andres took the stage, the judges were on their feet!",2018-07-02
271,nbcworldofdance,BklD6w3lLiq,World of Dance: Michael Dameski Qualifiers Performance,https://www.instagram.com/tv/BklD6w3lLiq/,1:16,77005,89,4866,Michael Dameski pours out his heart through dance and has our judges in awe. ?,2018-06-28
272,nbcworldofdance,BkdGt3FFvnV,LEAKED: World of Dance: Embodiment Qualifiers Performance,https://www.instagram.com/tv/BkdGt3FFvnV/,0:59,69108,60,3380,Jennifer Lopez’s backup dancer makes his mark!,2018-06-25
273,nbcworldofdance,BkTqFgSl4Kp,World of Dance: Eva Igo Qualifiers Performance,https://www.instagram.com/tv/BkTqFgSl4Kp/,1:09,78828,70,3638,Eva Igo’s explosive return to World of Dance!,2018-06-22
274,nbcthisisus,B0BukAQDMYP,10 Times This Is Us Made Us Laugh,https://www.instagram.com/tv/B0BukAQDMYP/,1:58,206241,242,22.9k,Warning: May induce tears of joy. #ThisIsUs,2019-07-17
275,nbcthisisus,By8Fcelj1i6,Fan Favorite Moments,https://www.instagram.com/tv/By8Fcelj1i6/,3:03,190082,406,29k,"The Pearsons always know just what to say.

Fans voted for their favorite #ThisIsUs moments. Which scene is your favorite?",2019-06-20
276,nbcthisisus,BybDoiFFx6p,Listen to Mandy Moore perform Invisible Ink live!,https://www.instagram.com/tv/BybDoiFFx6p/,3:29,391362,531,36.2k,@mandymooremm’s voice is always music to our ears! ??? #ThisIsUs,2019-06-07
277,nbcthisisus,Bvxrq4ijujq,This Is Us - Aftershow: Season 3 Episode 18,https://www.instagram.com/tv/Bvxrq4ijujq/,6:22,43226,19,635,"SPOILER ALERT! What does the future look like for the Pearson family? Chat through that season finale on the This Is Us Aftershow, presented by @Chevrolet.",2019-04-03
278,nbcthisisus,BvfpxpTjmIo,This Is Us - Aftershow: Season 3 Episode 17,https://www.instagram.com/tv/BvfpxpTjmIo/,6:01,33754,23,483,"Their future is uncertain. Talk out the events of Beth and Randall’s troubled marriage on the This Is Us Aftershow, presented by @Chevrolet.",2019-03-27
279,nbcthisisus,BvNoumKjo2j,This Is Us - Aftershow: Season 3 Episode 16,https://www.instagram.com/tv/BvNoumKjo2j/,5:25,32745,14,407,"They’ve got a long road ahead, but they have each other. Talk more about life with Baby Jack on the This Is Us Aftershow, presented by @Chevrolet.",2019-03-20
280,nbcthisisus,Bu7nFIqjOnY,This Is Us - Aftershow: Season 3 Episode 15,https://www.instagram.com/tv/Bu7nFIqjOnY/,5:24,34163,14,369,"They are just trying to find their place. See an outsider&#x27;s perspective of the Pearson family on the This Is Us Aftershow, presented by @Chevrolet.",2019-03-13
281,nbcthisisus,BuprRV7jI_W,This Is Us - Aftershow: Season 3 Episode 14,https://www.instagram.com/tv/BuprRV7jI_W/,4:07,37954,9,525,"They are on to bigger and better things. Look back as The Big Three graduate on the This Is Us Aftershow, presented by @Chevrolet.",2019-03-06
282,nbcthisisus,BuFoTJCD08i,This Is Us - Aftershow: Season 3 Episode 13,https://www.instagram.com/tv/BuFoTJCD08i/,5:16,35588,27,496,"They needed to clear the air. Beth and her mother deal with their complicated relationship on the This Is Us Aftershow, presented by @Chevrolet.",2019-02-20
283,nbcthisisus,BtznK14DADC,This Is Us - Aftershow: Season 3 Episode 12,https://www.instagram.com/tv/BtznK14DADC/,5:43,51243,27,764,"He already sees you as family. Dive in to Kevin and Nicky’s struggles on the This Is Us Aftershow, presented by @Chevrolet.",2019-02-13
284,nbcthisisus,Bs9igEkAq76,This Is Us - Aftershow: Season 3 Episode 11,https://www.instagram.com/tv/Bs9igEkAq76/,5:31,74534,38,1237,"It&#x27;s Jack&#x27;s past and Nicky&#x27;s regret. Peel back the layers of this episode on the This Is Us Aftershow, presented by @Chevrolet.",2019-01-23
285,nbcthisisus,BsrgiRbghfj,This Is Us – Aftershow: Season 3 Episode 10,https://www.instagram.com/tv/BsrgiRbghfj/,5:08,51636,16,618,"These are all happy tears. Catch up with the cast about the winter premiere on the This Is Us Aftershow, presented by @Chevrolet.",2019-01-16
286,nbcthisisus,BqtWXjDAC7c,This Is Us - Aftershow: Season 3 Episode 9,https://www.instagram.com/tv/BqtWXjDAC7c/,4:51,51994,21,742,"What comes next for them? Discuss the big changes in the Pearson household on the This Is Us Aftershow, presented by @Chevrolet.",2018-11-28
287,nbcthisisus,Bqa8WRbHKIh,This Is Us – Aftershow: Season 3 Episode 8,https://www.instagram.com/tv/Bqa8WRbHKIh/,5:08,18751,11,341,"It&#x27;s about making a change. Chat about Beth&#x27;s new role in Randall&#x27;s campaign on the This Is Us Aftershow, presented by @Chevrolet.",2018-11-21
288,nbcthisisus,BqJEYiZg22V,This Is Us - Aftershow: Season 3 Episode 7,https://www.instagram.com/tv/BqJEYiZg22V/,5:45,38253,14,774,"They have some life-changing decisions to make. Discuss all the moving parts of the Pearson&#x27;s lives in the This Is Us Aftershow, presented by @Chevrolet.",2018-11-14
289,nbcthisisus,BplIxUhg5mn,This Is Us - Aftershow: Season 3 Episode 6,https://www.instagram.com/tv/BplIxUhg5mn/,4:25,37724,4,646,"We&#x27;re always rooting for these two. Dig deeper into Rebecca and Kate&#x27;s relationship in the #ThisIsUs Aftershow, presented by @Chevrolet.",2018-10-31
290,nbcthisisus,BpS0I4Tge0H,This Is Us - Aftershow: Season 3 Episode 5,https://www.instagram.com/tv/BpS0I4Tge0H/,4:17,46039,28,755,"How does his past define his future? Explore Toby&#x27;s life on the This Is Us Aftershow, presented by @Chevrolet.",2018-10-24
291,nbcthisisus,BpBFqNdgoG_,This Is Us - Aftershow: Season 3 Episode 4,https://www.instagram.com/tv/BpBFqNdgoG_/,4:47,60128,53,1429,"Dig into Jack’s mysterious past in the This Is Us Aftershow, presented by @Chevrolet.",2018-10-17
292,nbcthisisus,BowpVmQALRb,This Is Us - Aftershow: Season 3 Episode 3,https://www.instagram.com/tv/BowpVmQALRb/,7:02,47983,25,971,"Through struggle comes strength for Kate and Toby. Discuss lessons learned on the This Is Us Aftershow, presented by @Chevrolet.",2018-10-10
293,nbcthisisus,BofghkunurQ,Mandy Moore And Karamo Brown Discuss This Is Us,https://www.instagram.com/tv/BofghkunurQ/,15:28,53783,80,1085,Can we please make Mandy and Karamo therapy sessions a weekly thing? We needed this!,2018-10-04
294,nbcthisisus,Boc2gS6AEF8,This Is Us - Aftershow: Season 3 Episode 2,https://www.instagram.com/tv/Boc2gS6AEF8/,4:39,41016,19,923,"Timing is everything. Sit down and talk about Kevin and Zoe&#x27;s budding relationship on the This Is Us Aftershow, presented by @Chevrolet.",2018-10-03
295,nbcthisisus,BoLANRqgbrk,This Is Us - Aftershow: Season 3 Episode 1,https://www.instagram.com/tv/BoLANRqgbrk/,5:00,79934,64,1604,"It takes strength to continue on. Dig into the premiere on the This Is Us Aftershow, presented by @Chevrolet.",2018-09-26
296,nbcthisisus,BnUZ7IZlNpu,13 Things You Didn't Know About This Is Us,https://www.instagram.com/tv/BnUZ7IZlNpu/,1:54,146577,158,3194,Just when you thought you knew everything about This Is Us...,2018-09-04
297,nbcthisisus,Blv1rwwFsvo,This Is Us - Back To Set For Season 3,https://www.instagram.com/tv/Blv1rwwFsvo/,1:50,41345,106,1245,Home is where the Pearsons are. Are you ready for Season 3?,2018-07-27
298,nbcthisisus,Bld8KJOhPR3,This Is Us - Share The Moment: Talk About It,https://www.instagram.com/tv/Bld8KJOhPR3/,5:02,42041,66,1215,Kate opens up to Rebecca about her miscarriage.,2018-07-20
299,nbcthisisus,BlL0pjan9V_,This Is Us - Share The Moment: Please Help Me,https://www.instagram.com/tv/BlL0pjan9V_/,1:40,38623,130,1305,A helpless Kevin returns to Charlotte&#x27;s house to get Jack&#x27;s pendant back.,2018-07-13
300,nbcthegoodplace,B0RVJaThAAm,The Good Place SDCC Panel 2019,https://www.instagram.com/tv/B0RVJaThAAm/,14:05,115286,139,22155,"But here's the thing, my little chili babies. These are the highlights from #TheGoodPlace #SDCC panel!",
301,nbcthegoodplace,B0JqZbVnmLl,The Good Place Season 3 Gag Reel,https://www.instagram.com/tv/B0JqZbVnmLl/,8:46,190584,401,37975,No #TheGoodPlace Season 3 Gag Reel. ONLY #THEBADPLACE GAG REEL.,
302,nbcthegoodplace,BzeQJemBQiA,"Jason: Your Sweetest, Dumbest Friend",https://www.instagram.com/tv/BzeQJemBQiA/,0:53,2274,2,265,Remember that one reboot where Jason figured out it was the Bad Place? ? #TheGoodPlace,
303,nbcthegoodplace,BzOIw2ghjkl,All of Eleanor's Realizations,https://www.instagram.com/tv/BzOIw2ghjkl/,1:10,296981,248,43669,"Every time someone says ""This is the Bad Place"", Eleanor from #TheGoodPlace realizes one (1) thing.",
304,nbcthegoodplace,ByiXifzBh1k,#TheGoodPlace is the feel good moments we experienced along the way. ??,https://www.instagram.com/tv/ByiXifzBh1k/,1:27,165835,318,35956,,
305,nbcthegoodplace,BxkkIs8hyVp,Tahani's Humblebrags,https://www.instagram.com/tv/BxkkIs8hyVp/,1:37,77087,6,2607,"Oh, really, Tahani? You know someone famous? It's not at all like you to name-drop.",
306,nbcthegoodplace,Bub3r-GA9gx,Our Favorite Ride-or-Die Couple,https://www.instagram.com/tv/Bub3r-GA9gx/,1:06,458415,107,13515,Janet and Jason: The soul mates that were never meant to be.,
307,nbcthegoodplace,Bt4DYzfAoX-,Eleanor and Chidi: A Love Story,https://www.instagram.com/tv/Bt4DYzfAoX-/,1:38,62592,85,2970,I'm not forkin' crying! You're forkin' crying!,
308,nbcthegoodplace,BsgPevHhbbZ,Janet's Finest Moments - The Good Place (Mashup),https://www.instagram.com/tv/BsgPevHhbbZ/,1:39,113744,93,5029,"Artificially intelligent, naturally hilarious. Check out Janet's (D'Arcy Carden) finest moments.",
309,nbcthegoodplace,BrIkGonhntM,Behind The Scenes Of “Janet(s)”,https://www.instagram.com/tv/BrIkGonhntM/,1:24,81381,66,3172,"Take a behind the scenes look at what went into the making of ""Janet(s)"" with D’Arcy Carden!",
310,nbcthegoodplace,BoSbvYBBB-m,Get To Know The Good Place,https://www.instagram.com/tv/BoSbvYBBB-m/,9:32,20154,5,424,"Marc Evan Jackson, Manny Jacinto, Jen Statsky, and Andrew Law play a little game after the season 3 premiere of The Good Place",
311,nbcthegoodplace,Bln2OX0F2jQ,The Good Panel at SDCC 2018,https://www.instagram.com/tv/Bln2OX0F2jQ/,8:14,10367,12,537,"We spilled the tea, sweethearts. ? Here are a couple clues we left you humans from The Good Panel at San Diego Comic-Con!",
312,nbcsvu,Bw7VnHolurB,10 Times Fin Flipped the Script - Law & Order: SVU,https://www.instagram.com/tv/Bw7VnHolurB/,1:19,4721,3,213,"Whether he&#x27;s busting perps or keeping the squad on its toes, Fin (Ice T) always plays by his own rules.",2019-05-01
313,latenightseth,B062qaBgdEF,Storm Reid Gets 'Euphoria' Pitches From Writer Mike Scollins,https://www.instagram.com/tv/B062qaBgdEF/,1:45,37235,10,1323,"Mike Scollins, a staff writer at Late Night, pitches ideas for Euphoria plot lines to Storm Reid.",2019-08-08
314,latenightseth,BxvF0zWlm99,Trump Threatens Iran on Twitter: A Closer Look,https://www.instagram.com/tv/BxvF0zWlm99/,7:41,102515,107,4334,Seth takes a closer look at the president threatening Iran on Twitter as the people around him push for a conflict.,2019-05-21
315,latenightseth,Bxct03AFe9O,"Trump Fights with China, Rudy Seeks Ukraine’s Help in 2020: A Closer Look",https://www.instagram.com/tv/Bxct03AFe9O/,12:13,74336,40,3686,Seth takes a closer look at the president meeting with the leader of Hungary and feuding with China while his lawyer was trying to get Ukraine to meddle in the 2020 election.,2019-05-14
316,latenightseth,BxQZvPVl3HW,Trump Lost Over $1 Billion in 10 Years: A Closer Look,https://www.instagram.com/tv/BxQZvPVl3HW/,10:07,67368,103,3726,Seth takes a closer look at the Trump administration’s defiance of Congress over the Mueller report.,2019-05-09
317,latenightseth,BxKsa2LlCO1,"Trump Says Mueller Shouldn't Testify, as Cohen Goes to Prison: A Closer Loo",https://www.instagram.com/tv/BxKsa2LlCO1/,9:43,57298,39,3161,"Seth takes a closer look at President Trump getting definitive, ironclad proof that he did not collude with Russia from the president of Russia, as Michael Cohen goes to jail.",2019-05-07
318,latenightseth,BxA0AQLglo0,Barr Refuses to Testify After Lying About Mueller: A Closer Look,https://www.instagram.com/tv/BxA0AQLglo0/,8:13,73273,85,4239,Seth takes a closer look at President Trump and his attorney general going to war with Congress.,2019-05-03
319,latenightseth,Bw9xxg0AfsY,Mueller Complained About Barr’s Letter to Congress: A Closer Look,https://www.instagram.com/tv/Bw9xxg0AfsY/,15:27,48909,35,3331,Seth takes a closer look at Attorney General William Barr testifying in Congress after news broke that special counsel Robert Mueller complained to Barr about his description of the report.,2019-05-02
320,latenightseth,Bw5BsRtF5ZI,"Trump Calls Into Fox, Calls Russia Probe a “Coup”: A Closer Look",https://www.instagram.com/tv/Bw5BsRtF5ZI/,9:44,65378,90,4208,Seth takes a closer look at President Trump’s standoff with Congress as some Democrats call for his impeachment.,2019-04-30
321,latenightseth,Bwuf5rAg5N6,Donald J. Trump And The Big Beautiful Wall,https://www.instagram.com/tv/Bwuf5rAg5N6/,2:31,68069,162,1486,,2019-04-26
322,latenightseth,BwaGGxiAcIK,Democrats Take on Corporate Profits and CEO Pay: A Closer Look,https://www.instagram.com/tv/BwaGGxiAcIK/,13:15,78460,71,4347,Seth takes a closer look at soaring corporate profits and CEO pay despite President Trump’s promise to be a champion of the working class.,2019-04-18
323,latenightseth,BwXZnJJlVmt,"Amber Says What: Beyoncé's Coachella Documentary, Lil Nas X's Old Town Road",https://www.instagram.com/tv/BwXZnJJlVmt/,6:35,101745,110,5848,Late Night writer Amber Ruffin recaps what&#x27;s happening in pop culture news.,2019-04-17
324,latenightseth,BwU7N_KlPOv,"Sarah Sanders Says Congress Is Not ""Smart Enough"" for Trump's Tax Returns",https://www.instagram.com/tv/BwU7N_KlPOv/,10:53,75598,169,6149,Seth takes a closer look at President Trump still resisting calls to release his tax returns while complaining about immigration laws.,2019-04-16
325,latenightseth,BwQQrE_At4f,"Trump Dodges Questions on Mueller, Tax Returns, WikiLeaks: A Closer Look",https://www.instagram.com/tv/BwQQrE_At4f/,14:19,92322,101,4991,Seth takes a closer look at the president resisting calls to release his tax returns and calling the people who investigate him traitors.,2019-04-14
326,latenightseth,BwIK2JfHNaZ,Trump Listens to Stephen Miller and Lou Dobbs on Immigration: A Closer Look,https://www.instagram.com/tv/BwIK2JfHNaZ/,7:30,91850,93,4615,Seth takes a closer look at President Trump telling government officials to ignore the law when it comes to immigration.,2019-04-11
327,latenightseth,BwDOgr0HJOL,Trump Lashes Out over Immigration and His Tax Returns: A Closer Look,https://www.instagram.com/tv/BwDOgr0HJOL/,11:50,91133,92,5261,Seth takes a closer look at President Trump reminding everyone he considers himself above the law.,2019-04-09
328,latenightseth,BpCnbxQHtf1,Donald J. Trump's Guide To Republican Greatness,https://www.instagram.com/tv/BpCnbxQHtf1/,3:04,192522,424,3476,Donald J. Trump reads a book about his 2016 election win and other highlights of his presidency.,2018-10-17
329,latenightseth,BozGIzNHMyj,ASMR Relaxation with Fred Armisen,https://www.instagram.com/tv/BozGIzNHMyj/,4:14,76477,204,1882,Fred Armisen helps you relax through the magic of ASMR.,2018-10-11
330,latenightseth,BofOq5znGYz,"Nathaniel Rateliff & The Night Sweats' Story Behind ""Tearing at the Seams""",https://www.instagram.com/tv/BofOq5znGYz/,2:29,14324,23,189,"Nathaniel Rateliff and Joseph Pope III of Nathaniel Rateliff &amp; The Night Sweats tell the story behind &quot;Tearing at the Seams,&quot; which they performed live on Late Night with Seth Meyers.",2018-10-03
331,latenightseth,Bn32sdhBVBb,A Closer Look: 9/17/2018,https://www.instagram.com/tv/Bn32sdhBVBb/,12:48,8189,4,184,"Manafort Flips on Trump; Kavanaugh Accused of Sexual Assault: A Closer Look

Seth takes a closer look at President Trump&#x27;s ex-campaign chairman flipping on him and the sexual assault allegations leveled against his Supreme Court nominee, Brett Kavanaugh.",2018-09-18
332,latenightseth,BnwklfQhXIc,A Closer Look: 9/13/2018,https://www.instagram.com/tv/BnwklfQhXIc/,10:50,4542,3,154,"Trump Lies About Puerto Rico Death Toll as GOP Braces for Midterms: A Closer Look

Seth takes a closer look at President Trump peddling another insane conspiracy theory about the death toll in Puerto Rico as Republicans brace themselves for the midterms.",2018-09-15
333,latenightseth,BnrYrfaByNz,"Amber Says What: Nike's Colin Kaepernick Ad, Aretha Franklin's Funeral",https://www.instagram.com/tv/BnrYrfaByNz/,7:13,4073,7,119,Late Night writer Amber Ruffin recaps what&#x27;s happening in pop culture news.,2018-09-13
334,latenightseth,BmWeLmhg9SS,"""What's Your Beef?"" with Chef Angie Mar",https://www.instagram.com/tv/BmWeLmhg9SS/,1:25,3161,1,21,"Chef Angie Mar (@angiekmar) tells you what it means if you prefer your steak well done, medium or rare.",2018-08-11
335,latenightseth,BmUAm-lgYrz,Joey Castillo On His Week In The 8G Band,https://www.instagram.com/tv/BmUAm-lgYrz/,1:21,3729,3,29,"Joey Castillo (@theejoeyc) of The Bronx, Queens of the Stone Age, Zakk Sabbath and more reflects on his week sitting in as the guest drummer for the 8G Band.",2018-08-10
336,latenightseth,BmMTwHdj-k6,A Closer Look: 8/7/2018,https://www.instagram.com/tv/BmMTwHdj-k6/,9:57,10095,3,180,"Trump Confesses on Twitter; Rick Gates Testifies Against Manafort

Seth takes a closer look at Trump admitting that his campaign tried to collude with Russia and the major developments in the trial of Trump’s ex-campaign chairman, Paul Manafort.",2018-08-07
337,latenightseth,Bl87cQiHb-M,"Jokes Seth Can't Tell: Possible Shoplifters, Artisan Lemonade",https://www.instagram.com/tv/Bl87cQiHb-M/,5:06,5166,1,127,"There are some jokes that just sound wrong coming from Seth, like the one about the lesbian version of &quot;Queer Eye for the Straight Guy.&quot;",2018-08-01
338,latenightseth,Bl528o-BtG1,A Closer Look: 7/30/18,https://www.instagram.com/tv/Bl528o-BtG1/,9:36,2188,0,51,"Rudy Giuliani Says Collusion Is Not A Crime

Seth takes a closer look at Trump&#x27;s defenders moving on from insisting that the president didn&#x27;t collude with Russia to arguing that even if he did, it&#x27;s not a crime.",2018-07-31
339,latenightseth,BlqkgwzBumW,Late Night Press Briefing: When Was the Last Time You Told the Truth?,https://www.instagram.com/tv/BlqkgwzBumW/,3:57,2955,4,82,"Sarah Huckabee Sanders holds an impromptu press briefing to answer burning questions, like &quot;What did Trump say to talk Stormy Daniels into bed?&quot;",2018-07-25
340,latenightseth,BloR4skn644,A Closer Look: 7/23/18,https://www.instagram.com/tv/BloR4skn644/,10:22,2398,1,44,"Trump&#x27;s Iran Threat; Carter Page and Michael Cohen

Seth takes a closer look at President Trump once again accusing the FBI of &quot;spying&quot; on him while it turns out his own lawyer was, in fact, spying on him.",2018-07-24
341,latenightseth,Bld7W7Bn16m,How Brandi Carlile Met Benicio Bryant,https://www.instagram.com/tv/Bld7W7Bn16m/,2:15,25977,45,311,Brandi Carlile brought middle schooler Benicio Bryant to sing &quot;The Joke&quot; with her on &quot;Late Night.&quot; Here&#x27;s the story of how it came to be.,2018-07-20
342,latenightseth,BldmehGh7Yy,A Closer Look: 7/19/18,https://www.instagram.com/tv/BldmehGh7Yy/,9:51,2169,1,49,"GOP Refuses to Hold Trump Accountable on Russia: A Closer Look

Seth takes a closer look at how Republicans have opposed every attempt to hold President Trump accountable for his comments on Russian election meddling.",2018-07-20
343,latenightseth,Bla8kNigep9,Seth Meyers Monologue: 7/19/2018,https://www.instagram.com/tv/Bla8kNigep9/,3:17,2137,1,32,"Trump Derangement Syndrome, Queen Elizabeth&#x27;s Brooch",2018-07-19
344,latenightseth,BlYWXGEAfMd,"Amber Says What: Beyoncé and Jay-Z’s Joint Album, Papa John",https://www.instagram.com/tv/BlYWXGEAfMd/,4:06,3643,1,67,Late Night writer Amber Ruffin recaps what’s happening in pop culture news.,2018-07-18
345,latenightseth,BklWuc9BAs-,A Message for Alexandria Ocasio-Cortez,https://www.instagram.com/tv/BklWuc9BAs-/,1:45,7012,3,111,"Late Night writer Jenny Hagel has a message for Alexandria Ocasio-Cortez, the 28-year-old Latina woman who beat a 10-term incumbent in New York’s Democratic congressional primary.",2018-06-28
346,latenightseth,BkTa2vUhsBs,A Closer Look: 6/20/18,https://www.instagram.com/tv/BkTa2vUhsBs/,9:55,8008,12,268,"The Trump Team&#x27;s Lies About Immigrants and Family Separation: A Closer Look

Seth takes a closer look at Trump shamelessly lying to defend his administration&#x27;s cruel family separation policy.",2018-06-21
347,latenightseth,BkQk_89hqNz,LNSM Press Briefing: When Are You Going to Start Telling Us the Truth?,https://www.instagram.com/tv/BkQk_89hqNz/,3:51,6214,5,215,"Sarah Huckabee Sanders holds an impromptu press briefing to answer burning questions, like &quot;Was there ever a time that Trump liked Germany?&quot;",2018-06-20
348,nbcsuperstore,B06sA_9FfV9,Cheyenne + Mateo = Chateo ?,https://www.instagram.com/tv/B06sA_9FfV9/,2:39,20806,126,5963,,2019-08-08
349,nbcsuperstore,Bu6wuWiBbtN,Shutting Down 9 Reasons You Haven’t Watched Superstore,https://www.instagram.com/tv/Bu6wuWiBbtN/,3:22,87710,31,1407,No ? More ? Excuses ?,2019-03-12
